orig_path,class,filename,keep,reason,duplicate_of,new_split,group_id,video,W,H,note
test/Flea Allergy/annotation-dermatitis-flea_allergy-ringworm-DtyN-3-_png.rf.0e85548eeb97a8dc19b46da3e64c3efa.jpg,Flea Allergy,annotation-dermatitis-flea_allergy-ringworm-DtyN-3-_png.rf.0e85548eeb97a8dc19b46da3e64c3efa.jpg,False,junk (not a cat photo),,,-1,,150,200,
test/Flea Allergy/aug_0_2329_jpeg_jpg.rf.dfe31eb925c17dba5279fffe033f217a.jpg,Flea Allergy,aug_0_2329_jpeg_jpg.rf.dfe31eb925c17dba5279fffe033f217a.jpg,True,,,train,0,,640,640,
test/Flea Allergy/aug_0_4104_jpeg.rf.67bd76a0ee7aa97cb8ea7fa6945779bf.jpg,Flea Allergy,aug_0_4104_jpeg.rf.67bd76a0ee7aa97cb8ea7fa6945779bf.jpg,False,duplicate,train/Flea Allergy/aug_0_4104_jpeg_jpg.rf.993b057e2c000b6853ae92094503805c.jpg,,-1,,474,355,
test/Flea Allergy/aug_0_6170_jpeg_jpg.rf.583acbe03ea110723491f4361b75fbe1.jpg,Flea Allergy,aug_0_6170_jpeg_jpg.rf.583acbe03ea110723491f4361b75fbe1.jpg,True,,,train,1,,640,640,
test/Flea Allergy/aug_0_9445_jpeg.rf.8b45c622fcab4cae3be0c3d1b1a2dbe1.jpg,Flea Allergy,aug_0_9445_jpeg.rf.8b45c622fcab4cae3be0c3d1b1a2dbe1.jpg,True,,,train,2,,620,372,
test/Flea Allergy/images_jpeg.rf.88b32d25d5c2b9d93229c47b3f761480.jpg,Flea Allergy,images_jpeg.rf.88b32d25d5c2b9d93229c47b3f761480.jpg,True,,,train,3,,275,183,
test/Flea Allergy/Image_1-4-_jpg.rf.0dee73eb66fb79587e8c77a1b8231509.jpg,Flea Allergy,Image_1-4-_jpg.rf.0dee73eb66fb79587e8c77a1b8231509.jpg,True,,,train,4,,640,640,
test/Flea Allergy/image_24_jpg.rf.02b6cd1778af6cd0f9e53b7232dd1a64.jpg,Flea Allergy,image_24_jpg.rf.02b6cd1778af6cd0f9e53b7232dd1a64.jpg,True,,,train,5,,640,640,
test/Flea Allergy/Image_44_jpg.rf.203687b87ae08f3b82f50cae851b6139.jpg,Flea Allergy,Image_44_jpg.rf.203687b87ae08f3b82f50cae851b6139.jpg,True,,,val,6,,600,400,
test/Flea Allergy/Image_60_jpg.rf.de3a08d33ce92708dc8e0804d2a1268f.jpg,Flea Allergy,Image_60_jpg.rf.de3a08d33ce92708dc8e0804d2a1268f.jpg,True,,,train,7,,780,585,
test/Flea Allergy/Image_68-2-_jpg.rf.00b3f030722209fc56dd3e811e34993f.jpg,Flea Allergy,Image_68-2-_jpg.rf.00b3f030722209fc56dd3e811e34993f.jpg,True,,,train,8,,1960,4032,
test/Flea Allergy/thumb-15-_jpg.rf.eb952f8ee290186946b6ee44341bd0a8.jpg,Flea Allergy,thumb-15-_jpg.rf.eb952f8ee290186946b6ee44341bd0a8.jpg,False,duplicate,valid/Flea Allergy/aug_0_2309_jpeg_jpg.rf.038e04ccb52fe2cb08f7cd171a226d66.jpg,,-1,,200,120,
test/Flea Allergy/thumb-2-_jpg.rf.7ecb5aec3aa898410901bc275f76d5d1.jpg,Flea Allergy,thumb-2-_jpg.rf.7ecb5aec3aa898410901bc275f76d5d1.jpg,False,duplicate,train/Flea Allergy/Image_26-4-_jpg.rf.c0a30ac3c28f8642cb7fcf56d2ba2af8.jpg,,-1,,200,133,
test/Flea Allergy/thumb-26-_jpg.rf.009ef8faddc091b1906d9d1d3d950365.jpg,Flea Allergy,thumb-26-_jpg.rf.009ef8faddc091b1906d9d1d3d950365.jpg,False,duplicate,valid/Flea Allergy/aug_0_1764_jpeg.rf.b6fa7104ab205f82b9a1982e99d5668f.jpg,,-1,,200,150,
test/Flea Allergy/thumb-31-_jpg.rf.41052b1fb09a1618934654a9c4e876ed.jpg,Flea Allergy,thumb-31-_jpg.rf.41052b1fb09a1618934654a9c4e876ed.jpg,True,,,train,9,,200,150,
test/Flea Allergy/thumb-34-_jpg.rf.8c562df6fad4e9efec0255c79d927f7c.jpg,Flea Allergy,thumb-34-_jpg.rf.8c562df6fad4e9efec0255c79d927f7c.jpg,True,,,test,10,,200,193,
test/Flea Allergy/thumb-40-_jpg.rf.0ef52412bec99f1f97b0b6331f0707fe.jpg,Flea Allergy,thumb-40-_jpg.rf.0ef52412bec99f1f97b0b6331f0707fe.jpg,False,duplicate,train/Flea Allergy/aug_0_7418_jpeg_jpg.rf.59f761ab8b6b3efc0bf422dccdcae5a8.jpg,,-1,,200,148,
test/Flea Allergy/thumb-41-_jpg.rf.4b04e4a67928a53e9bda7fd5b45e6002.jpg,Flea Allergy,thumb-41-_jpg.rf.4b04e4a67928a53e9bda7fd5b45e6002.jpg,False,duplicate,valid/Flea Allergy/Image_23-2-_jpg.rf.60306d241368f0b2469c8c158570f827.jpg,,-1,,182,200,
test/Flea Allergy/thumb-48-_jpg.rf.f22c1940a501d9958875cd72616e4b10.jpg,Flea Allergy,thumb-48-_jpg.rf.f22c1940a501d9958875cd72616e4b10.jpg,False,duplicate,train/Flea Allergy/aug_0_7695_jpeg_jpg.rf.ccff4241dd1f40d2417d2348cb819403.jpg,,-1,,200,150,
test/Flea Allergy/thumb-49-_jpg.rf.fb050558b6751dc3457d63654bb31a53.jpg,Flea Allergy,thumb-49-_jpg.rf.fb050558b6751dc3457d63654bb31a53.jpg,True,,,val,11,,150,200,
test/Health/-e0QDP4sFro_jpg.rf.0ab9dc3e45046d10f853bc3781e2dccf.jpg,Health,-e0QDP4sFro_jpg.rf.0ab9dc3e45046d10f853bc3781e2dccf.jpg,True,,,train,12,,640,640,
test/Health/0059-thtSvXd1VyI_jpg.rf.2365612ca3ce9fabf88672ce9395dede.jpg,Health,0059-thtSvXd1VyI_jpg.rf.2365612ca3ce9fabf88672ce9395dede.jpg,True,,,train,13,,640,640,
test/Health/0278-B8s_Uv9iwWQ_jpg.rf.e29776abc51f8590f01bea5dc291e7bc.jpg,Health,0278-B8s_Uv9iwWQ_jpg.rf.e29776abc51f8590f01bea5dc291e7bc.jpg,True,,,train,14,,640,640,
test/Health/0655-plAzmHbc6VE_jpg.rf.cfca1fe43fc30a19d60fb1c224c40a01.jpg,Health,0655-plAzmHbc6VE_jpg.rf.cfca1fe43fc30a19d60fb1c224c40a01.jpg,True,,,train,15,,640,640,
test/Health/1147-I9gcHckQo94_jpg.rf.b69d673e2e6810c8c659c7400b4350e2.jpg,Health,1147-I9gcHckQo94_jpg.rf.b69d673e2e6810c8c659c7400b4350e2.jpg,True,,,train,16,,640,640,
test/Health/1165-BFCBVXDmRNE_jpg.rf.91480c3572249987681894dc1b80212d.jpg,Health,1165-BFCBVXDmRNE_jpg.rf.91480c3572249987681894dc1b80212d.jpg,True,,,train,17,,640,640,
test/Health/1224-W0Of8zsJwc0_jpg.rf.5b9b142edb22491708be0836bba11160.jpg,Health,1224-W0Of8zsJwc0_jpg.rf.5b9b142edb22491708be0836bba11160.jpg,True,,,train,18,,640,640,
test/Health/1836-UH6jun2MyNU_jpg.rf.5a0d3b244e2573735c244d1d87c3c5e7.jpg,Health,1836-UH6jun2MyNU_jpg.rf.5a0d3b244e2573735c244d1d87c3c5e7.jpg,True,,,val,19,,640,640,
test/Health/1977-4LQfxtdrkKQ_jpg.rf.4f33bf5742f03e9367ec61087bb01f2d.jpg,Health,1977-4LQfxtdrkKQ_jpg.rf.4f33bf5742f03e9367ec61087bb01f2d.jpg,True,,,train,20,,640,640,
test/Health/2105-2S7R9IEqFeQ_jpg.rf.8696a1568e34f5c2a42382f5fcff0d9c.jpg,Health,2105-2S7R9IEqFeQ_jpg.rf.8696a1568e34f5c2a42382f5fcff0d9c.jpg,True,,,test,21,,640,640,
test/Health/2994-PkiC4VucYaI_jpg.rf.9953a4e225d7739a720e6fcfe1ef495e.jpg,Health,2994-PkiC4VucYaI_jpg.rf.9953a4e225d7739a720e6fcfe1ef495e.jpg,True,,,train,22,,640,640,
test/Health/30af1d1369816f5ef01f948452a0195d_jpg.rf.8c5d46aa8df47fe5cd77253119c2c3d9.jpg,Health,30af1d1369816f5ef01f948452a0195d_jpg.rf.8c5d46aa8df47fe5cd77253119c2c3d9.jpg,True,,,train,23,,640,640,
test/Health/3136-m4ojA8PCiSU_jpg.rf.d0bde1e2d2694bf9497c10b515b1e849.jpg,Health,3136-m4ojA8PCiSU_jpg.rf.d0bde1e2d2694bf9497c10b515b1e849.jpg,True,,,test,24,,640,640,
test/Health/3139-ytASZdDVrpQ_jpg.rf.c1e8acf69f7b282785c19d3918827102.jpg,Health,3139-ytASZdDVrpQ_jpg.rf.c1e8acf69f7b282785c19d3918827102.jpg,True,,,test,25,,640,640,
test/Health/3186-c9dRAR0_nE8_jpg.rf.d7f747521ea03a4656310ae2173f0ec6.jpg,Health,3186-c9dRAR0_nE8_jpg.rf.d7f747521ea03a4656310ae2173f0ec6.jpg,True,,,val,26,,640,640,
test/Health/3233-0wi5HvE0H34_jpg.rf.c61f799033e49161a62de4984d2a94e6.jpg,Health,3233-0wi5HvE0H34_jpg.rf.c61f799033e49161a62de4984d2a94e6.jpg,True,,,train,27,,640,640,
test/Health/3273-yoCVgT5wCDs_jpg.rf.3aaf75f0ce7a451797d27f7943c11a39.jpg,Health,3273-yoCVgT5wCDs_jpg.rf.3aaf75f0ce7a451797d27f7943c11a39.jpg,True,,,train,28,,640,640,
test/Health/438069638_7885671988166351_7242634341521672545_n_jpg.rf.ea7f54bb3b42f0d2cb484e3acb2bda6c.jpg,Health,438069638_7885671988166351_7242634341521672545_n_jpg.rf.ea7f54bb3b42f0d2cb484e3acb2bda6c.jpg,True,,,train,29,,2048,1537,
test/Health/5f5c9d5060d709b62cdd4fb228c36eac_jpg.rf.acf17fb70fbfdaf524746dfa2338fb57.jpg,Health,5f5c9d5060d709b62cdd4fb228c36eac_jpg.rf.acf17fb70fbfdaf524746dfa2338fb57.jpg,True,,,train,30,,640,640,
test/Health/78a8cfa08a4086616ef910ccd8614c94_jpg.rf.41628b6cf5671a43821dcd90cfee4138.jpg,Health,78a8cfa08a4086616ef910ccd8614c94_jpg.rf.41628b6cf5671a43821dcd90cfee4138.jpg,True,,,train,31,,640,640,
test/Health/A2I7OOmaexY_jpg.rf.e83007a60aa3456b3c1c5a4b9b14065c.jpg,Health,A2I7OOmaexY_jpg.rf.e83007a60aa3456b3c1c5a4b9b14065c.jpg,True,,,val,32,,640,640,
test/Health/bc8e4bb0d4e38b9aada5f22dd1b4a807_jpg.rf.491031e120a5fdd06133b6143549e54e.jpg,Health,bc8e4bb0d4e38b9aada5f22dd1b4a807_jpg.rf.491031e120a5fdd06133b6143549e54e.jpg,True,,,train,33,,640,640,
test/Health/FWpEW6sFgsU_jpg.rf.35e34eb41984796cf6d2f76719d14a8e.jpg,Health,FWpEW6sFgsU_jpg.rf.35e34eb41984796cf6d2f76719d14a8e.jpg,True,,,train,34,,640,640,
test/Health/healthy12_jpg.rf.a27b3a05354d5a9c960a86f741abd3b3.jpg,Health,healthy12_jpg.rf.a27b3a05354d5a9c960a86f741abd3b3.jpg,True,,,test,35,,3000,2002,
test/Health/photo1693842331_jpeg_jpg.rf.317e2238147a234bc0a4f45e8d13dcfa.jpg,Health,photo1693842331_jpeg_jpg.rf.317e2238147a234bc0a4f45e8d13dcfa.jpg,True,,,train,36,,640,640,
test/Ringworm/135195862_10222884899858522_306512586281914012_n_jpg.rf.d3fbe9c8fcdf4bb4138df6ec168892e4.jpg,Ringworm,135195862_10222884899858522_306512586281914012_n_jpg.rf.d3fbe9c8fcdf4bb4138df6ec168892e4.jpg,True,,,train,37,,640,640,
test/Ringworm/143729276_10226592176700733_3761005219267467236_n_jpg.rf.c1004c2c2f5781815e50c194572138ff.jpg,Ringworm,143729276_10226592176700733_3761005219267467236_n_jpg.rf.c1004c2c2f5781815e50c194572138ff.jpg,True,,,val,38,,1536,2048,
test/Ringworm/2009-2652-Yegar-M-Canis-Ca_jpg.rf.2efbb95d71c5860dcd330bf04287a664.jpg,Ringworm,2009-2652-Yegar-M-Canis-Ca_jpg.rf.2efbb95d71c5860dcd330bf04287a664.jpg,True,,,train,39,,640,640,
test/Ringworm/62521167_2293314700920873_300162319286009856_n_jpg.rf.471f5755a21df7ca85e79eb549a9f03e.jpg,Ringworm,62521167_2293314700920873_300162319286009856_n_jpg.rf.471f5755a21df7ca85e79eb549a9f03e.jpg,True,,,test,40,,640,640,
test/Ringworm/hot-spots-suck_00028_jpg.rf.8c25f70085dfab1096945ca8c7e8cb04.jpg,Ringworm,hot-spots-suck_00028_jpg.rf.8c25f70085dfab1096945ca8c7e8cb04.jpg,True,,,train,41,,640,640,
test/Ringworm/hotspot-30-_jpg.rf.0bfd2ecdef40ad98c3dd5f88c4417a61.jpg,Ringworm,hotspot-30-_jpg.rf.0bfd2ecdef40ad98c3dd5f88c4417a61.jpg,True,,,train,42,,640,640,
test/Ringworm/images-41-_jpeg_jpg.rf.ecde6486c672b723aca38ae34c1ac637.jpg,Ringworm,images-41-_jpeg_jpg.rf.ecde6486c672b723aca38ae34c1ac637.jpg,True,,,train,43,,640,640,
test/Ringworm/images-43-_jpeg_jpg.rf.1cbafe34e210df9b18d3815f12daf87d.jpg,Ringworm,images-43-_jpeg_jpg.rf.1cbafe34e210df9b18d3815f12daf87d.jpg,True,,,train,44,,640,640,
test/Ringworm/Image_34_jpg.rf.001912bbc7a61581668da3e83d987fd9.jpg,Ringworm,Image_34_jpg.rf.001912bbc7a61581668da3e83d987fd9.jpg,True,,,train,45,,640,640,
test/Ringworm/Image_42-3-_jpg.rf.de40f402d3cd803ca182d51018a61000.jpg,Ringworm,Image_42-3-_jpg.rf.de40f402d3cd803ca182d51018a61000.jpg,True,,,val,46,,640,640,
test/Ringworm/j36_jpeg_jpg.rf.091e5e51d029dad37eeebb15f38bc1ec.jpg,Ringworm,j36_jpeg_jpg.rf.091e5e51d029dad37eeebb15f38bc1ec.jpg,True,,,train,47,,640,640,
test/Ringworm/j55_jpeg_jpg.rf.56929d9eee4d945eef1f115d21b320bb.jpg,Ringworm,j55_jpeg_jpg.rf.56929d9eee4d945eef1f115d21b320bb.jpg,True,,,train,48,,640,640,
test/Ringworm/jamur22_jpeg_jpg.rf.b38e02789ef94f0adf5552c2e3ef5367.jpg,Ringworm,jamur22_jpeg_jpg.rf.b38e02789ef94f0adf5552c2e3ef5367.jpg,True,,,train,49,,640,640,
test/Ringworm/jamur74_jpeg_jpg.rf.e755017b60e3b03ae430920b087c125e.jpg,Ringworm,jamur74_jpeg_jpg.rf.e755017b60e3b03ae430920b087c125e.jpg,True,,,val,50,,640,640,
test/Ringworm/jamur96_jpeg_jpg.rf.1bfbeb493479dac67bb8785dcfbbed23.jpg,Ringworm,jamur96_jpeg_jpg.rf.1bfbeb493479dac67bb8785dcfbbed23.jpg,True,,,train,51,,640,640,
test/Ringworm/jaur80_jpeg_jpg.rf.7baa30f3535b8c9d8b4b2e30eeef7467.jpg,Ringworm,jaur80_jpeg_jpg.rf.7baa30f3535b8c9d8b4b2e30eeef7467.jpg,True,,,train,52,,640,640,
test/Ringworm/May-is-allergy-awareness-month-here-at-The-Shot-Spot_01561_jpg.rf.27454d78b6fa936ede683f7673b97256.jpg,Ringworm,May-is-allergy-awareness-month-here-at-The-Shot-Spot_01561_jpg.rf.27454d78b6fa936ede683f7673b97256.jpg,True,,,train,53,,640,640,
test/Ringworm/ringworm16_jpg.rf.c76e04604eb62b5815f76a8d57e9214e.jpg,Ringworm,ringworm16_jpg.rf.c76e04604eb62b5815f76a8d57e9214e.jpg,True,,,test,54,,640,640,
test/Ringworm/ringworm28_jpg.rf.5035b356a91e674e64d9d88fccd0b9f9.jpg,Ringworm,ringworm28_jpg.rf.5035b356a91e674e64d9d88fccd0b9f9.jpg,True,,,train,55,,640,640,
test/Ringworm/ringworm40_jpg.rf.8265c0f2c35c1ec7a62d50946754cfce.jpg,Ringworm,ringworm40_jpg.rf.8265c0f2c35c1ec7a62d50946754cfce.jpg,True,,,train,56,,640,640,
test/Ringworm/ringworm40_jpg.rf.ee2e08c30ac2326bdd33b190cc4c3650.jpg,Ringworm,ringworm40_jpg.rf.ee2e08c30ac2326bdd33b190cc4c3650.jpg,True,,,train,57,,640,640,
test/Ringworm/Screenshot-2024-10-14-180439_png_jpg.rf.8e74e7479c1e51fdb80629993608486c.jpg,Ringworm,Screenshot-2024-10-14-180439_png_jpg.rf.8e74e7479c1e51fdb80629993608486c.jpg,True,,,train,58,,640,640,
test/Ringworm/Screenshot-2024-11-16-181513_png.rf.b6a41deae61cfbfe41496204386e0a48.jpg,Ringworm,Screenshot-2024-11-16-181513_png.rf.b6a41deae61cfbfe41496204386e0a48.jpg,True,,,train,59,,251,335,
test/Ringworm/Screenshot-2024-11-16-183007_png.rf.f6acd9fba4cb8c3a6fb1f63e4cabfc48.jpg,Ringworm,Screenshot-2024-11-16-183007_png.rf.f6acd9fba4cb8c3a6fb1f63e4cabfc48.jpg,True,,,train,60,,272,261,
test/Ringworm/Screenshot-2024-11-16-184449_png.rf.2631201b91026a36027eabe6838cdcfa.jpg,Ringworm,Screenshot-2024-11-16-184449_png.rf.2631201b91026a36027eabe6838cdcfa.jpg,True,,,train,61,,326,318,
test/Ringworm/waj6_jpeg_jpg.rf.281af707eaeb53a75187a36a5eb2846d.jpg,Ringworm,waj6_jpeg_jpg.rf.281af707eaeb53a75187a36a5eb2846d.jpg,True,,,train,62,,640,640,
test/Scabies/6_png_jpg.rf.bee79d3cff8133b5eb40f4a2e513daba.jpg,Scabies,6_png_jpg.rf.bee79d3cff8133b5eb40f4a2e513daba.jpg,False,duplicate,valid/Scabies/6_png_jpg.rf.39de6edbc7ca91d81a4721a9c5773ef7.jpg,,-1,,784,425,
test/Scabies/Cidww4cUUAAThzp_jpg.rf.11c6aacb8911b7c1d409e6d24baf313f.jpg,Scabies,Cidww4cUUAAThzp_jpg.rf.11c6aacb8911b7c1d409e6d24baf313f.jpg,True,,,train,63,,1152,864,
test/Scabies/Frame-6_jpeg_jpg.rf.a7f3fbd59a18d248973f1b1fd76b5891.jpg,Scabies,Frame-6_jpeg_jpg.rf.a7f3fbd59a18d248973f1b1fd76b5891.jpg,True,,,train,64,frame6,640,360,
test/Scabies/Frame-6_jpeg_jpg.rf.c9336f931a1b626b42ad73c30e26188a.jpg,Scabies,Frame-6_jpeg_jpg.rf.c9336f931a1b626b42ad73c30e26188a.jpg,False,duplicate,test/Scabies/Frame-6_jpeg_jpg.rf.a7f3fbd59a18d248973f1b1fd76b5891.jpg,,-1,frame6,640,360,
test/Scabies/frame10_107_jpg.rf.a0388cd6b288a35ae34b900cb440341e.jpg,Scabies,frame10_107_jpg.rf.a0388cd6b288a35ae34b900cb440341e.jpg,True,,,train,65,frame10,640,640,
test/Scabies/frame10_589_jpg.rf.2e9f369fcc85c39796eddad1be8c0a25.jpg,Scabies,frame10_589_jpg.rf.2e9f369fcc85c39796eddad1be8c0a25.jpg,True,,,train,65,frame10,640,640,
test/Scabies/frame10_815_jpg.rf.fced7c5dcffa89bd4d8f33c88757c887.jpg,Scabies,frame10_815_jpg.rf.fced7c5dcffa89bd4d8f33c88757c887.jpg,True,,,train,65,frame10,640,640,
test/Scabies/frame4_383_jpg.rf.ca1d095717e055ce2da865f1c7a3b67f.jpg,Scabies,frame4_383_jpg.rf.ca1d095717e055ce2da865f1c7a3b67f.jpg,True,,,train,66,frame4,640,640,
test/Scabies/frame5_586_jpg.rf.fe724e673c74745e577aebdebddacf0b.jpg,Scabies,frame5_586_jpg.rf.fe724e673c74745e577aebdebddacf0b.jpg,True,,,train,67,frame5,640,640,
test/Scabies/frame6_762_jpg.rf.8387685b1591ed78f613781dea8a82eb.jpg,Scabies,frame6_762_jpg.rf.8387685b1591ed78f613781dea8a82eb.jpg,True,,,train,64,frame6,640,640,
test/Scabies/frame6_892_jpg.rf.5371c16bf1bfe1505128a00d29ec91ff.jpg,Scabies,frame6_892_jpg.rf.5371c16bf1bfe1505128a00d29ec91ff.jpg,True,,,train,64,frame6,640,640,
test/Scabies/frame7_358_jpg.rf.3d47e9e890cd57ed338bbe4dac170fe6.jpg,Scabies,frame7_358_jpg.rf.3d47e9e890cd57ed338bbe4dac170fe6.jpg,True,,,train,68,frame7,640,640,
test/Scabies/frame8_199_jpg.rf.cb8b59529bb7903903339c319e743a80.jpg,Scabies,frame8_199_jpg.rf.cb8b59529bb7903903339c319e743a80.jpg,True,,,train,69,frame8,640,640,
test/Scabies/frame8_199_jpg.rf.d074ee7dd46ac454886184018164d0cd.jpg,Scabies,frame8_199_jpg.rf.d074ee7dd46ac454886184018164d0cd.jpg,False,duplicate,test/Scabies/frame8_199_jpg.rf.cb8b59529bb7903903339c319e743a80.jpg,,-1,frame8,640,640,
test/Scabies/frame8_27_jpg.rf.233309494967f5766ab2372aa0c9e300.jpg,Scabies,frame8_27_jpg.rf.233309494967f5766ab2372aa0c9e300.jpg,False,duplicate,train/Scabies/frame8_27_jpg.rf.04828e027f851106b1cf69c01d151768.jpg,,-1,frame8,640,640,
test/Scabies/frame9_452_jpg.rf.fb1bdb4be35f14407379d65e746f75f6.jpg,Scabies,frame9_452_jpg.rf.fb1bdb4be35f14407379d65e746f75f6.jpg,False,duplicate,train/Scabies/frame9_452_jpg.rf.58fa522b9c072c19bed5ade430afff6a.jpg,,-1,frame9,640,640,
test/Scabies/Ft_UdqnaUAI0SBV_jpg.rf.0ed8d68d47e51d05a26a7974973b63b9.jpg,Scabies,Ft_UdqnaUAI0SBV_jpg.rf.0ed8d68d47e51d05a26a7974973b63b9.jpg,True,,,train,70,,2048,1536,
test/Scabies/IG1_299_jpg.rf.2432621b74a78b5dd4b7e5632ed08bce.jpg,Scabies,IG1_299_jpg.rf.2432621b74a78b5dd4b7e5632ed08bce.jpg,True,,,train,71,IG1,640,640,
test/Scabies/IG1_447_jpg.rf.0e89072ff7b40c941925aa78c5cc405d.jpg,Scabies,IG1_447_jpg.rf.0e89072ff7b40c941925aa78c5cc405d.jpg,True,,,train,71,IG1,640,640,
test/Scabies/IG2_1047_jpg.rf.36174a644d5413e75af9c8640204712a.jpg,Scabies,IG2_1047_jpg.rf.36174a644d5413e75af9c8640204712a.jpg,True,,,train,72,IG2,640,640,
test/Scabies/IG4_180_jpg.rf.632bf35302e31cfb2c6a3d7c3225d379.jpg,Scabies,IG4_180_jpg.rf.632bf35302e31cfb2c6a3d7c3225d379.jpg,True,,,train,73,IG4,640,640,
test/Scabies/IG4_216_jpg.rf.ba6650dace9579a90ee37ce00e637ceb.jpg,Scabies,IG4_216_jpg.rf.ba6650dace9579a90ee37ce00e637ceb.jpg,True,,,train,73,IG4,640,640,
test/Scabies/image27_png_jpg.rf.7bed9f207deec0189a6d80e91c361e67.jpg,Scabies,image27_png_jpg.rf.7bed9f207deec0189a6d80e91c361e67.jpg,True,,,val,74,,253,332,
test/Scabies/images_jpeg_jpg.rf.b4a94e137dca47d14b4e188a2e3ee7de.jpg,Scabies,images_jpeg_jpg.rf.b4a94e137dca47d14b4e188a2e3ee7de.jpg,False,duplicate,train/Scabies/images_jpeg_jpg.rf.13e5ebe32529c3716afee5e1517122e4.jpg,,-1,,263,192,
test/Scabies/image_scabies4_png_jpg.rf.b807f9b361070c5d49baebeccb4646df.jpg,Scabies,image_scabies4_png_jpg.rf.b807f9b361070c5d49baebeccb4646df.jpg,False,duplicate,valid/Scabies/image_scabies4_png_jpg.rf.df569242b65c0e584f699fd9bc528bf8.jpg,,-1,,450,362,
test/Scabies/image_scabies8_png_jpg.rf.700902df088de688acda812e6a7675a1.jpg,Scabies,image_scabies8_png_jpg.rf.700902df088de688acda812e6a7675a1.jpg,True,,,val,75,,596,449,
test/Scabies/Screenshot-2024-11-16-181659_png.rf.1f4b24727999907193660a34cc8cf83a.jpg,Scabies,Screenshot-2024-11-16-181659_png.rf.1f4b24727999907193660a34cc8cf83a.jpg,True,,,train,76,,291,372,
valid/Flea Allergy/1000010593_x4_jpg.rf.11da5c862634067e86b1ba9e97da5a54.jpg,Flea Allergy,1000010593_x4_jpg.rf.11da5c862634067e86b1ba9e97da5a54.jpg,True,,,train,77,,640,640,
valid/Flea Allergy/1000010627_x4_jpg.rf.8d02d400c69e151140486339da6ba669.jpg,Flea Allergy,1000010627_x4_jpg.rf.8d02d400c69e151140486339da6ba669.jpg,True,,,train,78,,640,640,
valid/Flea Allergy/5d5641b96b930df01eb7df119e680c9fdb41f4e4_jpeg_jpg.rf.13ad3c2792c89f4935b51be5539d7149.jpg,Flea Allergy,5d5641b96b930df01eb7df119e680c9fdb41f4e4_jpeg_jpg.rf.13ad3c2792c89f4935b51be5539d7149.jpg,True,,,val,79,,640,640,
valid/Flea Allergy/annotation-dermatitis-flea_allergy-ringworm-DtyN-2-_png.rf.e605be23c6218ace569f9f04d354331a.jpg,Flea Allergy,annotation-dermatitis-flea_allergy-ringworm-DtyN-2-_png.rf.e605be23c6218ace569f9f04d354331a.jpg,False,junk (not a cat photo),,,-1,,143,200,
valid/Flea Allergy/annotation-dermatitis-flea_allergy-ringworm-DtyN-5-_png.rf.2c857e7bc55deb2cbd0a4262f7a3d200.jpg,Flea Allergy,annotation-dermatitis-flea_allergy-ringworm-DtyN-5-_png.rf.2c857e7bc55deb2cbd0a4262f7a3d200.jpg,False,junk (not a cat photo),,,-1,,150,200,
valid/Flea Allergy/aug_0_1103_jpeg.rf.5ce3c9eebae2ca8f0f5f08b0514fc233.jpg,Flea Allergy,aug_0_1103_jpeg.rf.5ce3c9eebae2ca8f0f5f08b0514fc233.jpg,True,,,train,80,,620,372,
valid/Flea Allergy/aug_0_1323_jpeg.rf.03334cf887e0a653b710e107317c4327.jpg,Flea Allergy,aug_0_1323_jpeg.rf.03334cf887e0a653b710e107317c4327.jpg,True,,,val,81,,563,750,
valid/Flea Allergy/aug_0_1613_jpeg.rf.18797d8a6468e5976367d005b3656b84.jpg,Flea Allergy,aug_0_1613_jpeg.rf.18797d8a6468e5976367d005b3656b84.jpg,True,,,val,82,,474,350,
valid/Flea Allergy/aug_0_1764_jpeg.rf.b6fa7104ab205f82b9a1982e99d5668f.jpg,Flea Allergy,aug_0_1764_jpeg.rf.b6fa7104ab205f82b9a1982e99d5668f.jpg,True,,,train,83,,474,355,
valid/Flea Allergy/aug_0_2309_jpeg_jpg.rf.038e04ccb52fe2cb08f7cd171a226d66.jpg,Flea Allergy,aug_0_2309_jpeg_jpg.rf.038e04ccb52fe2cb08f7cd171a226d66.jpg,True,,,test,84,,640,640,
valid/Flea Allergy/aug_0_2779_jpeg.rf.d9b57a2d3ed11329669a11a89f5a7e80.jpg,Flea Allergy,aug_0_2779_jpeg.rf.d9b57a2d3ed11329669a11a89f5a7e80.jpg,True,,,train,85,,474,355,
valid/Flea Allergy/aug_0_3008_jpeg_jpg.rf.05aad1328be3e390d44c704faf55bbd0.jpg,Flea Allergy,aug_0_3008_jpeg_jpg.rf.05aad1328be3e390d44c704faf55bbd0.jpg,True,,,train,86,,640,640,
valid/Flea Allergy/aug_0_3019_jpeg_jpg.rf.4833ddb1a13e1d0885daff95409a8d7a.jpg,Flea Allergy,aug_0_3019_jpeg_jpg.rf.4833ddb1a13e1d0885daff95409a8d7a.jpg,False,duplicate,train/Flea Allergy/aug_0_3019_jpeg.rf.432f9f34d2d25034eec788fc3238485d.jpg,,-1,,640,640,
valid/Flea Allergy/aug_0_3176_jpeg.rf.73a90221f4fa923b8f89742a4e3153c0.jpg,Flea Allergy,aug_0_3176_jpeg.rf.73a90221f4fa923b8f89742a4e3153c0.jpg,False,duplicate,train/Flea Allergy/aug_0_3176_jpeg_jpg.rf.3bd55d9963616099f68346c7f3cd265a.jpg,,-1,,474,350,
valid/Flea Allergy/aug_0_3637_jpeg.rf.1f7370009a6f3ac5cef430641f10f70f.jpg,Flea Allergy,aug_0_3637_jpeg.rf.1f7370009a6f3ac5cef430641f10f70f.jpg,True,,,val,87,,474,355,
valid/Flea Allergy/aug_0_3663_jpeg.rf.40d22dfcacc3113db7d99807b1b45279.jpg,Flea Allergy,aug_0_3663_jpeg.rf.40d22dfcacc3113db7d99807b1b45279.jpg,True,,,val,88,,620,372,
valid/Flea Allergy/aug_0_4851_jpeg.rf.5b88d652a05d92f1fe3336a901d4c994.jpg,Flea Allergy,aug_0_4851_jpeg.rf.5b88d652a05d92f1fe3336a901d4c994.jpg,True,,,train,89,,474,350,
valid/Flea Allergy/aug_0_5745-1-_jpeg.rf.64c5907eee8992909309536973613a75.jpg,Flea Allergy,aug_0_5745-1-_jpeg.rf.64c5907eee8992909309536973613a75.jpg,False,duplicate,train/Flea Allergy/aug_0_5745_jpeg_jpg.rf.d2e5a6063af28458a56d3304938732e3.jpg,,-1,,620,372,
valid/Flea Allergy/aug_0_6938_jpeg_jpg.rf.2ed4220f2bf77609970a7fc0dd6f583e.jpg,Flea Allergy,aug_0_6938_jpeg_jpg.rf.2ed4220f2bf77609970a7fc0dd6f583e.jpg,True,,,train,90,,640,640,
valid/Flea Allergy/aug_0_794_jpeg_jpg.rf.e811ee44d8d764f8c506c7324c71f816.jpg,Flea Allergy,aug_0_794_jpeg_jpg.rf.e811ee44d8d764f8c506c7324c71f816.jpg,True,,,test,91,,640,640,
valid/Flea Allergy/flea_allergy-3-_jpg.rf.707084792453487be27455f9a2646f89.jpg,Flea Allergy,flea_allergy-3-_jpg.rf.707084792453487be27455f9a2646f89.jpg,True,,,train,92,,640,640,
valid/Flea Allergy/flea_allergy-64-_jpg.rf.e02a2f2d386ca94c3dd8ce9ab4d09a0e.jpg,Flea Allergy,flea_allergy-64-_jpg.rf.e02a2f2d386ca94c3dd8ce9ab4d09a0e.jpg,True,,,train,93,,640,640,
valid/Flea Allergy/hotspot-104-_jpg.rf.e5bfa5064a0067a78685d863b90ebec3.jpg,Flea Allergy,hotspot-104-_jpg.rf.e5bfa5064a0067a78685d863b90ebec3.jpg,True,,,val,94,,640,640,
valid/Flea Allergy/Image_15-2-_jpg.rf.920059cf67094b507ea0fe0a538cbb37.jpg,Flea Allergy,Image_15-2-_jpg.rf.920059cf67094b507ea0fe0a538cbb37.jpg,True,,,test,95,,640,640,
valid/Flea Allergy/image_16_jpg.rf.6dd965ab6293c66f59651750e2d3e467.jpg,Flea Allergy,image_16_jpg.rf.6dd965ab6293c66f59651750e2d3e467.jpg,True,,,train,96,,640,640,
valid/Flea Allergy/Image_19-2-1-_jpg.rf.78aeff0dd33455d5ecc4d9dd7531818c.jpg,Flea Allergy,Image_19-2-1-_jpg.rf.78aeff0dd33455d5ecc4d9dd7531818c.jpg,False,duplicate,test/Flea Allergy/Image_44_jpg.rf.203687b87ae08f3b82f50cae851b6139.jpg,,-1,,300,200,
valid/Flea Allergy/Image_23-2-_jpg.rf.60306d241368f0b2469c8c158570f827.jpg,Flea Allergy,Image_23-2-_jpg.rf.60306d241368f0b2469c8c158570f827.jpg,True,,,train,97,,985,1083,
valid/Flea Allergy/image_25_jpg.rf.635bbdfda4221a5a7d53f54e00ad57b2.jpg,Flea Allergy,image_25_jpg.rf.635bbdfda4221a5a7d53f54e00ad57b2.jpg,True,,,train,98,,640,640,
valid/Flea Allergy/Image_3-2-_jpg.rf.efed7fafa598f6b187dcfeb0d876258e.jpg,Flea Allergy,Image_3-2-_jpg.rf.efed7fafa598f6b187dcfeb0d876258e.jpg,True,,,val,99,,600,800,
valid/Flea Allergy/Image_31-2-_jpg.rf.0b49513775d1929067cb2208c741224a.jpg,Flea Allergy,Image_31-2-_jpg.rf.0b49513775d1929067cb2208c741224a.jpg,False,duplicate,train/Flea Allergy/Image_31-2-_jpg.rf.9b012d66ffc8c18f128e6a9965e9e376.jpg,,-1,,550,412,
valid/Flea Allergy/Image_50_png.rf.ec180b6cb8e023da85d188fa1fb8ec77.jpg,Flea Allergy,Image_50_png.rf.ec180b6cb8e023da85d188fa1fb8ec77.jpg,False,duplicate,train/Flea Allergy/Image_6_png.rf.1ea079c04411a715cfb82f78b90234ed.jpg,,-1,,768,507,
valid/Flea Allergy/Image_60-2-_jpg.rf.b88ebddef9f68c2767f29953b19fa456.jpg,Flea Allergy,Image_60-2-_jpg.rf.b88ebddef9f68c2767f29953b19fa456.jpg,True,,,val,100,,774,343,
valid/Flea Allergy/Image_62_jpg.rf.75945f319c6b94d6fcaf438c2c6be812.jpg,Flea Allergy,Image_62_jpg.rf.75945f319c6b94d6fcaf438c2c6be812.jpg,True,,,train,3,,926,606,
valid/Flea Allergy/Image_67_png.rf.eaad491a0a059826e1ef5dc09fb1d969.jpg,Flea Allergy,Image_67_png.rf.eaad491a0a059826e1ef5dc09fb1d969.jpg,True,,,train,101,,360,225,
valid/Flea Allergy/Image_77_jpg.rf.f99b710604f7f811a188a7ae12fd7496.jpg,Flea Allergy,Image_77_jpg.rf.f99b710604f7f811a188a7ae12fd7496.jpg,True,,,train,102,,720,406,
valid/Flea Allergy/image_8_jpg.rf.bf9ba2d8867e0016954d4aa6b2a17f02.jpg,Flea Allergy,image_8_jpg.rf.bf9ba2d8867e0016954d4aa6b2a17f02.jpg,True,,,train,103,,640,640,
valid/Flea Allergy/thumb-1-_jpg.rf.6b380e2480b3f2c226c2e51242448352.jpg,Flea Allergy,thumb-1-_jpg.rf.6b380e2480b3f2c226c2e51242448352.jpg,True,,,test,104,,200,193,
valid/Flea Allergy/thumb-11-_jpg.rf.f8d0ab9b2e894061dbd134978983d06b.jpg,Flea Allergy,thumb-11-_jpg.rf.f8d0ab9b2e894061dbd134978983d06b.jpg,True,,,val,105,,200,150,
valid/Flea Allergy/thumb-16-_jpg.rf.63f2eb42d2ba475aa29460952ae3b311.jpg,Flea Allergy,thumb-16-_jpg.rf.63f2eb42d2ba475aa29460952ae3b311.jpg,True,,,test,106,,200,148,small image (<150 px)
valid/Flea Allergy/thumb-16-_jpg.rf.74a7b2a65e48dd38b9023523332cf6d4.jpg,Flea Allergy,thumb-16-_jpg.rf.74a7b2a65e48dd38b9023523332cf6d4.jpg,False,duplicate,train/Flea Allergy/image_17_jpeg_jpg.rf.3187dabe2f5378996f60bd735141a233.jpg,,-1,,200,150,
valid/Flea Allergy/thumb-17-_jpg.rf.c44ec0697ed4aa21c935d48a83d9002f.jpg,Flea Allergy,thumb-17-_jpg.rf.c44ec0697ed4aa21c935d48a83d9002f.jpg,True,,,train,107,,200,120,small image (<150 px)
valid/Flea Allergy/thumb-19-_jpg.rf.620f6145ea1d29762bd96e7d10341d29.jpg,Flea Allergy,thumb-19-_jpg.rf.620f6145ea1d29762bd96e7d10341d29.jpg,True,,,test,108,,150,200,
valid/Flea Allergy/thumb-21-_jpg.rf.a2b63977a47659f1cfea2811e3163b32.jpg,Flea Allergy,thumb-21-_jpg.rf.a2b63977a47659f1cfea2811e3163b32.jpg,True,,,test,109,,150,200,
valid/Flea Allergy/thumb-22-_jpg.rf.2849c390513bcd8028634d4b2d5bf35d.jpg,Flea Allergy,thumb-22-_jpg.rf.2849c390513bcd8028634d4b2d5bf35d.jpg,True,,,train,110,,200,193,
valid/Flea Allergy/thumb-24-_jpg.rf.72d4a05013b84c0d69d3d2f516f2267b.jpg,Flea Allergy,thumb-24-_jpg.rf.72d4a05013b84c0d69d3d2f516f2267b.jpg,False,duplicate,train/Flea Allergy/aug_0_4602_jpeg.rf.6f2561175d519b6d3a8a5870c0b55682.jpg,,-1,,200,148,
valid/Flea Allergy/thumb-25-_jpg.rf.81616a17a081b33f4ec5af3dd2fede5a.jpg,Flea Allergy,thumb-25-_jpg.rf.81616a17a081b33f4ec5af3dd2fede5a.jpg,False,duplicate,test/Flea Allergy/Image_1-4-_jpg.rf.0dee73eb66fb79587e8c77a1b8231509.jpg,,-1,,200,133,
valid/Flea Allergy/thumb-3-_jpg.rf.5e5fb26d12332dfd9ee70a4327ab53ee.jpg,Flea Allergy,thumb-3-_jpg.rf.5e5fb26d12332dfd9ee70a4327ab53ee.jpg,False,duplicate,train/Flea Allergy/Image_42_jpg.rf.d841fbf8a895f2587d4f23d914aabacf.jpg,,-1,,200,150,
valid/Flea Allergy/thumb-30-_jpg.rf.448c81ae406f064e8f9e70af1fa318d9.jpg,Flea Allergy,thumb-30-_jpg.rf.448c81ae406f064e8f9e70af1fa318d9.jpg,True,,,train,111,,200,193,
valid/Flea Allergy/thumb-38-_jpg.rf.ac4b6d6b43325f92df083cb97fc0eb9e.jpg,Flea Allergy,thumb-38-_jpg.rf.ac4b6d6b43325f92df083cb97fc0eb9e.jpg,True,,,val,112,,200,150,
valid/Flea Allergy/thumb-38-_jpg.rf.f293754b0df24f2274328dd7b658e86e.jpg,Flea Allergy,thumb-38-_jpg.rf.f293754b0df24f2274328dd7b658e86e.jpg,False,duplicate,valid/Flea Allergy/aug_0_1613_jpeg.rf.18797d8a6468e5976367d005b3656b84.jpg,,-1,,200,148,
valid/Flea Allergy/thumb-4-_jpg.rf.6392eff98b49559b5701f1ce30c905f5.jpg,Flea Allergy,thumb-4-_jpg.rf.6392eff98b49559b5701f1ce30c905f5.jpg,True,,,train,113,,150,200,
valid/Flea Allergy/thumb-42-_jpg.rf.cd35ba6406c18c154c780356157dac80.jpg,Flea Allergy,thumb-42-_jpg.rf.cd35ba6406c18c154c780356157dac80.jpg,True,,,train,114,,200,150,
valid/Flea Allergy/thumb-8-_jpg.rf.9f01cac71eb93ad7588860edce103289.jpg,Flea Allergy,thumb-8-_jpg.rf.9f01cac71eb93ad7588860edce103289.jpg,True,,,train,115,,200,120,small image (<150 px)
valid/Flea Allergy/thumb-9-_jpg.rf.622916bb585de28078c7596a8c19888b.jpg,Flea Allergy,thumb-9-_jpg.rf.622916bb585de28078c7596a8c19888b.jpg,True,,,train,116,,200,193,
valid/Flea Allergy/thumb_jpg.rf.a9b60ebb27e1f2db24eea93f27feb0a0.jpg,Flea Allergy,thumb_jpg.rf.a9b60ebb27e1f2db24eea93f27feb0a0.jpg,True,,,train,117,,150,200,
valid/Health/0003-Zx043ICtTtE_jpg.rf.6451918f6f452625a0cfd98736fb71c8.jpg,Health,0003-Zx043ICtTtE_jpg.rf.6451918f6f452625a0cfd98736fb71c8.jpg,True,,,test,118,,640,640,
valid/Health/0446-RnjoT07nBxo_jpg.rf.a95d521ef14795af4ee8f503c095d7f3.jpg,Health,0446-RnjoT07nBxo_jpg.rf.a95d521ef14795af4ee8f503c095d7f3.jpg,True,,,train,119,,640,640,
valid/Health/0670-bvF7FyjdPTM_jpg.rf.e92fe718bb5357cbb7b88993f79b8e0a.jpg,Health,0670-bvF7FyjdPTM_jpg.rf.e92fe718bb5357cbb7b88993f79b8e0a.jpg,True,,,train,120,,640,640,
valid/Health/0728-XOcH-bl46R0_jpg.rf.4bf441b7a6f21315ac441461a764c6a2.jpg,Health,0728-XOcH-bl46R0_jpg.rf.4bf441b7a6f21315ac441461a764c6a2.jpg,True,,,train,121,,640,640,
valid/Health/0777-PixFVQ9TE9s_jpg.rf.e36e2de830bfa722e4aace826a1aa229.jpg,Health,0777-PixFVQ9TE9s_jpg.rf.e36e2de830bfa722e4aace826a1aa229.jpg,True,,,val,122,,640,640,
valid/Health/0873-diRExH62UgQ_jpg.rf.b631d83833b2657ec0c7173fc15c2656.jpg,Health,0873-diRExH62UgQ_jpg.rf.b631d83833b2657ec0c7173fc15c2656.jpg,True,,,train,123,,640,640,
valid/Health/1244-B_WWi7H_sA_jpg.rf.d994fcd0a1920f9164dce112c2328c56.jpg,Health,1244-B_WWi7H_sA_jpg.rf.d994fcd0a1920f9164dce112c2328c56.jpg,True,,,test,124,,640,640,
valid/Health/1299-42enLcmtxQg_jpg.rf.b8546f758f91419e25ac44facb029495.jpg,Health,1299-42enLcmtxQg_jpg.rf.b8546f758f91419e25ac44facb029495.jpg,True,,,val,125,,640,640,
valid/Health/1421-Xu4q19OQZIU_jpg.rf.5b07ece48d6c9c31cfdacb5a667f9d29.jpg,Health,1421-Xu4q19OQZIU_jpg.rf.5b07ece48d6c9c31cfdacb5a667f9d29.jpg,True,,,train,126,,640,640,
valid/Health/15a8e5d7bc0011c973b3fa37e490bd7a_jpg.rf.a48c24f3fa21648d4539810b958546ca.jpg,Health,15a8e5d7bc0011c973b3fa37e490bd7a_jpg.rf.a48c24f3fa21648d4539810b958546ca.jpg,True,,,train,127,,640,640,
valid/Health/1608-Wx0H1WizFpE_jpg.rf.b7a4ba287161c3331a7f060a425a70d4.jpg,Health,1608-Wx0H1WizFpE_jpg.rf.b7a4ba287161c3331a7f060a425a70d4.jpg,True,,,val,128,,640,640,
valid/Health/1621-TysJ1W34klk_jpg.rf.d2d9457511f1c372d23e6eee23349b74.jpg,Health,1621-TysJ1W34klk_jpg.rf.d2d9457511f1c372d23e6eee23349b74.jpg,True,,,val,129,,640,640,
valid/Health/2157-0UGcnqOh_DU_jpg.rf.640adc23c00cbf0fff982f4987156b99.jpg,Health,2157-0UGcnqOh_DU_jpg.rf.640adc23c00cbf0fff982f4987156b99.jpg,True,,,train,130,,640,640,
valid/Health/2182-6zP7pV0EUlQ_jpg.rf.9cbc4bed9163c786cbfd9640ec918e76.jpg,Health,2182-6zP7pV0EUlQ_jpg.rf.9cbc4bed9163c786cbfd9640ec918e76.jpg,True,,,test,131,,640,640,
valid/Health/2979-wbyrklebyy0_jpg.rf.9059d190d118406a6b670d9cf54dad70.jpg,Health,2979-wbyrklebyy0_jpg.rf.9059d190d118406a6b670d9cf54dad70.jpg,True,,,train,132,,640,640,
valid/Health/3224-KQdvva2keSU_jpg.rf.98ea7304f0481642dc550452fa3948ba.jpg,Health,3224-KQdvva2keSU_jpg.rf.98ea7304f0481642dc550452fa3948ba.jpg,True,,,val,133,,640,640,
valid/Health/438065128_1131683351211331_1845213034057261747_n_jpg.rf.c9953184479604bc08d7df7b52786743.jpg,Health,438065128_1131683351211331_1845213034057261747_n_jpg.rf.c9953184479604bc08d7df7b52786743.jpg,True,,,val,134,,1536,2040,
valid/Health/4ddc9f56508d6bbc44da8283bf794832_jpg.rf.34ec0901f9e53c39a94c15604bb201ac.jpg,Health,4ddc9f56508d6bbc44da8283bf794832_jpg.rf.34ec0901f9e53c39a94c15604bb201ac.jpg,True,,,train,135,,640,640,
valid/Health/4f1107f67eb99b8d1092357316113522_jpg.rf.15562cfec69542aae04ef33fb030c544.jpg,Health,4f1107f67eb99b8d1092357316113522_jpg.rf.15562cfec69542aae04ef33fb030c544.jpg,True,,,val,136,,640,640,
valid/Health/59b0dc5c8f3af34a5919be93faabdbd3_jpg.rf.fa532ae89f911f386b0e72470886e4e1.jpg,Health,59b0dc5c8f3af34a5919be93faabdbd3_jpg.rf.fa532ae89f911f386b0e72470886e4e1.jpg,True,,,train,137,,640,640,
valid/Health/728x437_1_85569319b7b2a77c2adcac20bb697826-1745x1047_0x4Bwe7Yeg_0691375502584441641_jpg.rf.b394810075c0d1499dd66efd4fb2e78d.jpg,Health,728x437_1_85569319b7b2a77c2adcac20bb697826-1745x1047_0x4Bwe7Yeg_0691375502584441641_jpg.rf.b394810075c0d1499dd66efd4fb2e78d.jpg,True,,,train,138,,640,640,
valid/Health/A2I7OOmaexY_jpg.rf.89f043aac0fc029b2acbb9e4d562c9e5.jpg,Health,A2I7OOmaexY_jpg.rf.89f043aac0fc029b2acbb9e4d562c9e5.jpg,True,,,train,139,,640,640,
valid/Health/fPNHtZiStV4_jpg.rf.3e719ccd72dd14f5e3f6a44fadc56107.jpg,Health,fPNHtZiStV4_jpg.rf.3e719ccd72dd14f5e3f6a44fadc56107.jpg,True,,,train,140,,640,640,
valid/Health/healthy22_jpg.rf.a80a2fa0dfd4578088059cdf5a722a1e.jpg,Health,healthy22_jpg.rf.a80a2fa0dfd4578088059cdf5a722a1e.jpg,True,,,val,141,,1300,866,
valid/Health/healthy32_png.rf.44e3ee6e4a7dbcc7cbfcd07f4d73ddaf.jpg,Health,healthy32_png.rf.44e3ee6e4a7dbcc7cbfcd07f4d73ddaf.jpg,True,,,train,142,,640,853,
valid/Health/lv2AD5G0Kdc_jpg.rf.1cca4e8078e35df25806d1c44fef8b04.jpg,Health,lv2AD5G0Kdc_jpg.rf.1cca4e8078e35df25806d1c44fef8b04.jpg,True,,,train,143,,640,640,
valid/Health/PfHZeWEi2dw_jpg.rf.f99769bf6b88fd4b8a24152900fe6011.jpg,Health,PfHZeWEi2dw_jpg.rf.f99769bf6b88fd4b8a24152900fe6011.jpg,True,,,train,144,,640,640,
valid/Health/photo1692893101_jpeg_jpg.rf.2c7b00f5152132e1ee3f7e644b59e45e.jpg,Health,photo1692893101_jpeg_jpg.rf.2c7b00f5152132e1ee3f7e644b59e45e.jpg,True,,,train,145,,640,640,
valid/Health/photo1693329089_jpeg_jpg.rf.b9611db6fe5a058947565e1de9f291d3.jpg,Health,photo1693329089_jpeg_jpg.rf.b9611db6fe5a058947565e1de9f291d3.jpg,True,,,train,146,,640,640,
valid/Health/photo1693721816_jpeg_jpg.rf.5716838e9a4dcfbc57f14ee502b36568.jpg,Health,photo1693721816_jpeg_jpg.rf.5716838e9a4dcfbc57f14ee502b36568.jpg,True,,,val,147,,640,640,
valid/Health/photo1693756065_jpeg_jpg.rf.8a0afbc61af8c51bbb66c9bd413d79a8.jpg,Health,photo1693756065_jpeg_jpg.rf.8a0afbc61af8c51bbb66c9bd413d79a8.jpg,True,,,train,148,,640,640,
valid/Health/photo1693899603_jpeg_jpg.rf.807e52a49c43b8b9a85f1ef2caa893a1.jpg,Health,photo1693899603_jpeg_jpg.rf.807e52a49c43b8b9a85f1ef2caa893a1.jpg,True,,,train,149,,640,640,
valid/Health/photo1693900565_jpeg_jpg.rf.c3f8964108773a84b93a3630e5ef92f2.jpg,Health,photo1693900565_jpeg_jpg.rf.c3f8964108773a84b93a3630e5ef92f2.jpg,True,,,train,150,,640,640,
valid/Health/photo1693974044-1-_jpeg_jpg.rf.664afb507dde84bf233e3594ca1322a0.jpg,Health,photo1693974044-1-_jpeg_jpg.rf.664afb507dde84bf233e3594ca1322a0.jpg,True,,,train,151,,640,640,
valid/Health/photo1694590168_jpeg_jpg.rf.1826748d80a6268b112e416e72fd0c12.jpg,Health,photo1694590168_jpeg_jpg.rf.1826748d80a6268b112e416e72fd0c12.jpg,True,,,train,152,,640,640,
valid/Health/photo1694760646_jpeg_jpg.rf.345befb992cc77602093707b714ad9e2.jpg,Health,photo1694760646_jpeg_jpg.rf.345befb992cc77602093707b714ad9e2.jpg,True,,,test,153,,640,640,
valid/Health/photo1695032288_jpeg_jpg.rf.67aadce6753df4f6e712fa3e642605ed.jpg,Health,photo1695032288_jpeg_jpg.rf.67aadce6753df4f6e712fa3e642605ed.jpg,True,,,train,154,,640,640,
valid/Health/photo1695043116_jpeg_jpg.rf.9c059f8bdcf67115dea4e4e7a305b993.jpg,Health,photo1695043116_jpeg_jpg.rf.9c059f8bdcf67115dea4e4e7a305b993.jpg,True,,,train,155,,640,640,
valid/Health/photo1695212035_jpeg_jpg.rf.9d285eba1c15d837b104a52d02b13738.jpg,Health,photo1695212035_jpeg_jpg.rf.9d285eba1c15d837b104a52d02b13738.jpg,True,,,train,156,,640,640,
valid/Health/photo1695534035_jpeg_jpg.rf.3a7e29b0669884d25067983c03505914.jpg,Health,photo1695534035_jpeg_jpg.rf.3a7e29b0669884d25067983c03505914.jpg,True,,,train,157,,640,640,
valid/Ringworm/1000010551_x16_jpg.rf.e531211166360e3f68e2e21b7c377e21.jpg,Ringworm,1000010551_x16_jpg.rf.e531211166360e3f68e2e21b7c377e21.jpg,True,,,test,158,,640,640,
valid/Ringworm/356256824_859063205821523_8735668290154415751_n_jpg.rf.9d9b42f6e172c089c669111d740cd686.jpg,Ringworm,356256824_859063205821523_8735668290154415751_n_jpg.rf.9d9b42f6e172c089c669111d740cd686.jpg,True,,,train,159,,2048,1538,
valid/Ringworm/406444592_357155400224866_7531710924889107367_n_jpg.rf.2253846900e99abf3c184bab714bbe78.jpg,Ringworm,406444592_357155400224866_7531710924889107367_n_jpg.rf.2253846900e99abf3c184bab714bbe78.jpg,True,,,train,160,,1536,2048,
valid/Ringworm/aug_0_4160_jpeg_jpg.rf.de0adbe2fc335ee36503301f67c8c47b.jpg,Ringworm,aug_0_4160_jpeg_jpg.rf.de0adbe2fc335ee36503301f67c8c47b.jpg,True,,,train,161,,640,640,
valid/Ringworm/HOT-SPOT-IN-DOG-HOW-vet-treated-symptom-prevention_-flea-bite-moist-eczema_dog-itching-000455_png_jpg.rf.b0894a81842b251d32d065952a4d9043.jpg,Ringworm,HOT-SPOT-IN-DOG-HOW-vet-treated-symptom-prevention_-flea-bite-moist-eczema_dog-itching-000455_png_jpg.rf.b0894a81842b251d32d065952a4d9043.jpg,True,,,train,162,,640,640,
valid/Ringworm/hot-spots-suck_00310_jpg.rf.1414e960f0bc88ba1b6ba0ad084fa159.jpg,Ringworm,hot-spots-suck_00310_jpg.rf.1414e960f0bc88ba1b6ba0ad084fa159.jpg,True,,,train,163,,640,640,
valid/Ringworm/images-18-Copy_jpeg_jpg.rf.259469e945b6f7d2fb1f972cfb014b3f.jpg,Ringworm,images-18-Copy_jpeg_jpg.rf.259469e945b6f7d2fb1f972cfb014b3f.jpg,True,,,test,164,,640,640,
valid/Ringworm/images-35-_jpeg_jpg.rf.b93b801da0502a1778cfc9f8f8ba82b6.jpg,Ringworm,images-35-_jpeg_jpg.rf.b93b801da0502a1778cfc9f8f8ba82b6.jpg,True,,,train,165,,640,640,
valid/Ringworm/images-36-_jpeg_jpg.rf.88db7d87b967d9373db7c6e4d671677d.jpg,Ringworm,images-36-_jpeg_jpg.rf.88db7d87b967d9373db7c6e4d671677d.jpg,False,duplicate,train/Ringworm/images-36-_jpeg_jpg.rf.06b7a9eb6a4c7695fb9dafb9f8426546.jpg,,-1,,640,640,
valid/Ringworm/images-41-_jpeg_jpg.rf.07ea7200ba3a1d0cf5b04780b2d3c584.jpg,Ringworm,images-41-_jpeg_jpg.rf.07ea7200ba3a1d0cf5b04780b2d3c584.jpg,True,,,train,166,,640,640,
valid/Ringworm/images-43-_jpeg_jpg.rf.ce479976e0df3d4360b4e0b7987a6f67.jpg,Ringworm,images-43-_jpeg_jpg.rf.ce479976e0df3d4360b4e0b7987a6f67.jpg,True,,,train,167,,640,640,
valid/Ringworm/Image_11_jpg.rf.359d02d1df9dd1fbd21a75fd02431631.jpg,Ringworm,Image_11_jpg.rf.359d02d1df9dd1fbd21a75fd02431631.jpg,True,,,train,168,,640,640,
valid/Ringworm/Image_12-2-_jpg.rf.84246a022ed338f84eeab777d59b6c96.jpg,Ringworm,Image_12-2-_jpg.rf.84246a022ed338f84eeab777d59b6c96.jpg,True,,,test,169,,640,640,
valid/Ringworm/Image_13-3-_JPG_jpg.rf.9f8a09f56a5882e260cbed43ddcc7c8e.jpg,Ringworm,Image_13-3-_JPG_jpg.rf.9f8a09f56a5882e260cbed43ddcc7c8e.jpg,True,,,train,170,,640,640,
valid/Ringworm/Image_28_jpg.rf.ce502e0192a572cd6de81818fcf10e59.jpg,Ringworm,Image_28_jpg.rf.ce502e0192a572cd6de81818fcf10e59.jpg,True,,,train,171,,640,640,
valid/Ringworm/Image_29-2-_jpg.rf.5f35169483fda5d5807cfa6813a1552d.jpg,Ringworm,Image_29-2-_jpg.rf.5f35169483fda5d5807cfa6813a1552d.jpg,True,,,train,172,,640,640,
valid/Ringworm/Image_32-2-_jpg.rf.73f6d82b0c5bb1c1a1c890f2f6928bcc.jpg,Ringworm,Image_32-2-_jpg.rf.73f6d82b0c5bb1c1a1c890f2f6928bcc.jpg,True,,,train,173,,640,640,
valid/Ringworm/j25_jpeg_jpg.rf.2a0923ddb9ea2d4961c047c8f1e635c5.jpg,Ringworm,j25_jpeg_jpg.rf.2a0923ddb9ea2d4961c047c8f1e635c5.jpg,True,,,test,174,,640,640,
valid/Ringworm/j34_jpeg_jpg.rf.d986c31553b81733417c3da4e38a9bda.jpg,Ringworm,j34_jpeg_jpg.rf.d986c31553b81733417c3da4e38a9bda.jpg,True,,,test,175,,640,640,
valid/Ringworm/jamur21_jpeg_jpg.rf.4f27ff750c8afeb64c0de264bc2d9ddc.jpg,Ringworm,jamur21_jpeg_jpg.rf.4f27ff750c8afeb64c0de264bc2d9ddc.jpg,True,,,train,176,,640,640,
valid/Ringworm/jamur26_jpeg_jpg.rf.e200a4489be7e1735473bd2a5583eb26.jpg,Ringworm,jamur26_jpeg_jpg.rf.e200a4489be7e1735473bd2a5583eb26.jpg,True,,,test,177,,640,640,
valid/Ringworm/jamur71_jpeg_jpg.rf.d767b3f1ee6d1caed2ccc506520a158a.jpg,Ringworm,jamur71_jpeg_jpg.rf.d767b3f1ee6d1caed2ccc506520a158a.jpg,True,,,train,178,,640,640,
valid/Ringworm/Lick_granuloma_1_jpg.rf.ccbf7946cd5114a043fc67ac6861adc3.jpg,Ringworm,Lick_granuloma_1_jpg.rf.ccbf7946cd5114a043fc67ac6861adc3.jpg,True,,,train,179,,640,640,
valid/Ringworm/m0zb8n3sixnb1_jpg.rf.54804208722d4cdd1cd484ab215b6671.jpg,Ringworm,m0zb8n3sixnb1_jpg.rf.54804208722d4cdd1cd484ab215b6671.jpg,True,,,train,180,,1739,1630,
valid/Ringworm/ringworm18_jpg.rf.1cfae65b4e370b0e729d417b4bd2dcd5.jpg,Ringworm,ringworm18_jpg.rf.1cfae65b4e370b0e729d417b4bd2dcd5.jpg,True,,,val,181,,640,640,
valid/Ringworm/ringworm1_jpeg_jpg.rf.8c1d3c39feb1091a97801c7c42b80944.jpg,Ringworm,ringworm1_jpeg_jpg.rf.8c1d3c39feb1091a97801c7c42b80944.jpg,False,duplicate,train/Ringworm/ringworm1_jpeg.rf.5f70eb1e79cc406999ec9eae4a522508.jpg,,-1,,640,640,
valid/Ringworm/ringworm29_jpg.rf.55383d59e35a16f556fdf6952706b1b4.jpg,Ringworm,ringworm29_jpg.rf.55383d59e35a16f556fdf6952706b1b4.jpg,True,,,train,182,,640,640,
valid/Ringworm/ringworm2_jpeg_jpg.rf.e07cadcaf5c87b1c7dd5f97708fe4aaa.jpg,Ringworm,ringworm2_jpeg_jpg.rf.e07cadcaf5c87b1c7dd5f97708fe4aaa.jpg,True,,,train,183,,640,640,
valid/Ringworm/ringworm40_jpg.rf.c22648d50734e6d3fe805ee3fbdb7163.jpg,Ringworm,ringworm40_jpg.rf.c22648d50734e6d3fe805ee3fbdb7163.jpg,False,duplicate,test/Ringworm/ringworm40_jpg.rf.8265c0f2c35c1ec7a62d50946754cfce.jpg,,-1,,640,640,
valid/Ringworm/ringworm46_png.rf.9f428e0d9df6525e7414583c7a365ede.jpg,Ringworm,ringworm46_png.rf.9f428e0d9df6525e7414583c7a365ede.jpg,True,,,train,184,,588,914,
valid/Ringworm/ringworm46_png_jpg.rf.21a35e89643ddde2185211982a42a436.jpg,Ringworm,ringworm46_png_jpg.rf.21a35e89643ddde2185211982a42a436.jpg,True,,,train,185,,640,640,
valid/Ringworm/ringworm6_jpg.rf.999e9a0497dc3b3f60cb17ef46c1e722.jpg,Ringworm,ringworm6_jpg.rf.999e9a0497dc3b3f60cb17ef46c1e722.jpg,True,,,train,186,,640,640,
valid/Ringworm/ringworm8_jpg.rf.049fc55cdcfe66bf34bb220465ce2229.jpg,Ringworm,ringworm8_jpg.rf.049fc55cdcfe66bf34bb220465ce2229.jpg,True,,,train,187,,640,640,
valid/Ringworm/ringworm9_jpg.rf.a65c057c244c1490a92670a2b251bf08.jpg,Ringworm,ringworm9_jpg.rf.a65c057c244c1490a92670a2b251bf08.jpg,True,,,val,188,,640,640,
valid/Ringworm/s5_jpeg_jpg.rf.cd77e90a77efd88a7c2f95ab5e040ecd.jpg,Ringworm,s5_jpeg_jpg.rf.cd77e90a77efd88a7c2f95ab5e040ecd.jpg,True,,,val,189,,640,640,
valid/Ringworm/Screenshot-2024-10-14-175932_png_jpg.rf.4572120273f92b58ff542ca7cf6b81af.jpg,Ringworm,Screenshot-2024-10-14-175932_png_jpg.rf.4572120273f92b58ff542ca7cf6b81af.jpg,True,,,val,190,,640,640,
valid/Ringworm/Screenshot-2024-10-14-175932_png_jpg.rf.7d7865357a7fd21d99585baaf3ae82a3.jpg,Ringworm,Screenshot-2024-10-14-175932_png_jpg.rf.7d7865357a7fd21d99585baaf3ae82a3.jpg,True,,,train,191,,640,640,
valid/Ringworm/Screenshot-2024-10-14-180043_png_jpg.rf.56e21a2eda6914aadbab91595f6ebb97.jpg,Ringworm,Screenshot-2024-10-14-180043_png_jpg.rf.56e21a2eda6914aadbab91595f6ebb97.jpg,True,,,train,192,,640,640,
valid/Ringworm/Screenshot-2024-10-14-180548_png_jpg.rf.7019f14c4229c6ffec2fbfe31bf4cbcf.jpg,Ringworm,Screenshot-2024-10-14-180548_png_jpg.rf.7019f14c4229c6ffec2fbfe31bf4cbcf.jpg,False,duplicate,train/Ringworm/Screenshot-2024-10-14-180548_png_jpg.rf.64d3e9f8bf711d64038b6514006337de.jpg,,-1,,640,640,
valid/Ringworm/Screenshot-2024-10-14-182237_png_jpg.rf.3acb802bbaa98c591002609c43b05d4a.jpg,Ringworm,Screenshot-2024-10-14-182237_png_jpg.rf.3acb802bbaa98c591002609c43b05d4a.jpg,True,,,train,193,,640,640,
valid/Ringworm/Screenshot-2024-11-16-181725_png.rf.e6509a1ad9dcc362aefa4c731192efbc.jpg,Ringworm,Screenshot-2024-11-16-181725_png.rf.e6509a1ad9dcc362aefa4c731192efbc.jpg,True,,,test,194,,325,241,
valid/Ringworm/Screenshot-2024-11-16-181936_png.rf.7b6a5572c4181acff5f72ba85a5d663c.jpg,Ringworm,Screenshot-2024-11-16-181936_png.rf.7b6a5572c4181acff5f72ba85a5d663c.jpg,True,,,train,195,,307,197,
valid/Ringworm/Screenshot-2024-11-16-182620_png.rf.d2d7767fd990a97f82148823e867520e.jpg,Ringworm,Screenshot-2024-11-16-182620_png.rf.d2d7767fd990a97f82148823e867520e.jpg,True,,,train,196,,297,197,
valid/Ringworm/Screenshot-2024-11-16-182941_png.rf.f78972281d251b0b266648effbf27f8e.jpg,Ringworm,Screenshot-2024-11-16-182941_png.rf.f78972281d251b0b266648effbf27f8e.jpg,True,,,train,197,,302,298,
valid/Ringworm/Screenshot-2024-11-16-183050_png.rf.4a0fc7f92dc91509acaab16deb8a9d7d.jpg,Ringworm,Screenshot-2024-11-16-183050_png.rf.4a0fc7f92dc91509acaab16deb8a9d7d.jpg,True,,,train,198,,313,205,
valid/Ringworm/Screenshot-2024-11-16-183315_png.rf.9a35dea5322e33b0f4653acdeba2bef0.jpg,Ringworm,Screenshot-2024-11-16-183315_png.rf.9a35dea5322e33b0f4653acdeba2bef0.jpg,True,,,train,199,,327,455,
valid/Ringworm/waj14_jpeg_jpg.rf.976ce7f8001bb4c44928912ede1c7a70.jpg,Ringworm,waj14_jpeg_jpg.rf.976ce7f8001bb4c44928912ede1c7a70.jpg,True,,,val,200,,640,640,
valid/Ringworm/was4_jpeg_jpg.rf.648b17bb3432867b204bfb1d409ae6c1.jpg,Ringworm,was4_jpeg_jpg.rf.648b17bb3432867b204bfb1d409ae6c1.jpg,True,,,val,201,,640,640,
valid/Scabies/20_png_jpg.rf.38fd7a2f8a2c28961b185b94ff7794ae.jpg,Scabies,20_png_jpg.rf.38fd7a2f8a2c28961b185b94ff7794ae.jpg,True,,,train,202,,551,402,
valid/Scabies/21_png_jpg.rf.9b5d0a66a486ac1774dc11be31638bba.jpg,Scabies,21_png_jpg.rf.9b5d0a66a486ac1774dc11be31638bba.jpg,True,,,train,203,,332,307,
valid/Scabies/22_png_jpg.rf.dba229fc66108d7c1cbbed76a56ecfe0.jpg,Scabies,22_png_jpg.rf.dba229fc66108d7c1cbbed76a56ecfe0.jpg,True,,,train,204,,395,344,
valid/Scabies/23_png_jpg.rf.96bca9a08b67de8f90af08d828d6764c.jpg,Scabies,23_png_jpg.rf.96bca9a08b67de8f90af08d828d6764c.jpg,True,,,test,205,,406,350,
valid/Scabies/26_png_jpg.rf.77d5bcb9ffb9d489e7e6c9ec01ab7047.jpg,Scabies,26_png_jpg.rf.77d5bcb9ffb9d489e7e6c9ec01ab7047.jpg,False,duplicate,train/Scabies/26_png_jpg.rf.d06fd7101c6153dbd3901cc9754eb83a.jpg,,-1,,378,297,
valid/Scabies/5_png_jpg.rf.b0a113d56f7c948f908b967823b63e0a.jpg,Scabies,5_png_jpg.rf.b0a113d56f7c948f908b967823b63e0a.jpg,True,,,train,206,,773,430,
valid/Scabies/6_png_jpg.rf.39de6edbc7ca91d81a4721a9c5773ef7.jpg,Scabies,6_png_jpg.rf.39de6edbc7ca91d81a4721a9c5773ef7.jpg,True,,,test,207,,784,425,
valid/Scabies/7_png_jpg.rf.fb6ab81a3dd1291943b4bcc06583eda9.jpg,Scabies,7_png_jpg.rf.fb6ab81a3dd1291943b4bcc06583eda9.jpg,True,,,train,208,,531,297,
valid/Scabies/8_png_jpg.rf.c8af13ca0cec0fd29488092dbb7a92a4.jpg,Scabies,8_png_jpg.rf.c8af13ca0cec0fd29488092dbb7a92a4.jpg,True,,,train,209,,335,407,
valid/Scabies/Frame-4_jpeg_jpg.rf.80a08cc879ae735e7511b88d87150bc6.jpg,Scabies,Frame-4_jpeg_jpg.rf.80a08cc879ae735e7511b88d87150bc6.jpg,True,,,train,66,frame4,640,360,
valid/Scabies/Frame-8_jpeg_jpg.rf.0d34deddc8b5e0ca0356b3e1ec8e9e71.jpg,Scabies,Frame-8_jpeg_jpg.rf.0d34deddc8b5e0ca0356b3e1ec8e9e71.jpg,False,duplicate,train/Scabies/Frame-8_jpeg_jpg.rf.0da4219e557411923f737a5d030f3d6b.jpg,,-1,frame8,640,360,
valid/Scabies/frame10_100_jpg.rf.a70f0d61bf6be5205bc09cd0d27e645d.jpg,Scabies,frame10_100_jpg.rf.a70f0d61bf6be5205bc09cd0d27e645d.jpg,False,duplicate,train/Scabies/frame10_100_jpg.rf.918b45f992ed9ad0d0e524c46f626649.jpg,,-1,frame10,640,640,
valid/Scabies/frame10_163_jpg.rf.8ced9e0ffed8fd6327c3f87ceec4c091.jpg,Scabies,frame10_163_jpg.rf.8ced9e0ffed8fd6327c3f87ceec4c091.jpg,True,,,train,65,frame10,640,640,
valid/Scabies/frame5_346_jpg.rf.e029bea26bc4ff26d9339352fbae3859.jpg,Scabies,frame5_346_jpg.rf.e029bea26bc4ff26d9339352fbae3859.jpg,True,,,train,67,frame5,640,640,
valid/Scabies/frame5_378_jpg.rf.1250fa24049067d13118dbe784ce72e6.jpg,Scabies,frame5_378_jpg.rf.1250fa24049067d13118dbe784ce72e6.jpg,True,,,train,67,frame5,640,640,
valid/Scabies/frame5_722_jpg.rf.d95994337c81985734a2f6f5b296ba6d.jpg,Scabies,frame5_722_jpg.rf.d95994337c81985734a2f6f5b296ba6d.jpg,True,,,train,67,frame5,640,640,
valid/Scabies/frame6_1_jpg.rf.10199864a26a20e9b6fcb3910af1168b.jpg,Scabies,frame6_1_jpg.rf.10199864a26a20e9b6fcb3910af1168b.jpg,True,,,train,64,frame6,640,640,
valid/Scabies/frame6_1_jpg.rf.b4a3e8336741c69d3c683730d4adcaa0.jpg,Scabies,frame6_1_jpg.rf.b4a3e8336741c69d3c683730d4adcaa0.jpg,False,duplicate,train/Scabies/frame6_1_jpg.rf.2d4dfbebb7e7982bee2766cd1c849b27.jpg,,-1,frame6,640,640,
valid/Scabies/frame6_1_jpg.rf.e90a844624da8574dc77cc17ac5fe24e.jpg,Scabies,frame6_1_jpg.rf.e90a844624da8574dc77cc17ac5fe24e.jpg,False,duplicate,valid/Scabies/frame6_1_jpg.rf.10199864a26a20e9b6fcb3910af1168b.jpg,,-1,frame6,640,640,
valid/Scabies/frame6_514_jpg.rf.6bda0087beda2e85bc971b10c708aa96.jpg,Scabies,frame6_514_jpg.rf.6bda0087beda2e85bc971b10c708aa96.jpg,True,,,train,64,frame6,640,640,
valid/Scabies/frame6_91_jpg.rf.5c5ebfb4921ab4b0cc3d31dea3ee4cb0.jpg,Scabies,frame6_91_jpg.rf.5c5ebfb4921ab4b0cc3d31dea3ee4cb0.jpg,False,duplicate,train/Scabies/frame6_91_jpg.rf.7bbc59ce8d32aae3bddff87ce35fedc0.jpg,,-1,frame6,640,640,
valid/Scabies/frame6_933_jpg.rf.2946c2934d4de968756a386d7a197d53.jpg,Scabies,frame6_933_jpg.rf.2946c2934d4de968756a386d7a197d53.jpg,False,duplicate,train/Scabies/frame6_933_jpg.rf.c9bfcc844e2965338cf88e3dffec4eb5.jpg,,-1,frame6,640,640,
valid/Scabies/frame8_129_jpg.rf.3a55f6bb2a226f9ad8fba834d0462c50.jpg,Scabies,frame8_129_jpg.rf.3a55f6bb2a226f9ad8fba834d0462c50.jpg,False,duplicate,train/Scabies/frame8_129_jpg.rf.a3c4a1d28eab91ca7051c9e9c7e864ab.jpg,,-1,frame8,640,640,
valid/Scabies/frame8_130_jpg.rf.2f4474726d0a99cee575bfd35fbcd495.jpg,Scabies,frame8_130_jpg.rf.2f4474726d0a99cee575bfd35fbcd495.jpg,True,,,train,69,frame8,640,640,
valid/Scabies/frame8_598_jpg.rf.e300668d4dbd5f5d67ddd1b9fb76eb3c.jpg,Scabies,frame8_598_jpg.rf.e300668d4dbd5f5d67ddd1b9fb76eb3c.jpg,True,,,train,69,frame8,640,640,
valid/Scabies/frame9_402_jpg.rf.87045b2ebb5290913bfdf28270e9d9bf.jpg,Scabies,frame9_402_jpg.rf.87045b2ebb5290913bfdf28270e9d9bf.jpg,True,,,train,210,frame9,640,640,
valid/Scabies/frame9_470_jpg.rf.425d47f1d928c245e7b67c6392d08483.jpg,Scabies,frame9_470_jpg.rf.425d47f1d928c245e7b67c6392d08483.jpg,True,,,train,210,frame9,640,640,
valid/Scabies/frame9_470_jpg.rf.ab2ab2bc9e250dda7f9679c8e9277cb1.jpg,Scabies,frame9_470_jpg.rf.ab2ab2bc9e250dda7f9679c8e9277cb1.jpg,False,duplicate,valid/Scabies/frame9_470_jpg.rf.425d47f1d928c245e7b67c6392d08483.jpg,,-1,frame9,640,640,
valid/Scabies/frame_60_jpg.rf.8f481517a7d6ff4822bd1a3ee9eccdf7.jpg,Scabies,frame_60_jpg.rf.8f481517a7d6ff4822bd1a3ee9eccdf7.jpg,True,,,test,211,,640,640,
valid/Scabies/Ft_UeHtaUAAHB5h_jpg.rf.ee92319e1219f3a8c17d1c49da2e081d.jpg,Scabies,Ft_UeHtaUAAHB5h_jpg.rf.ee92319e1219f3a8c17d1c49da2e081d.jpg,False,duplicate,train/Scabies/Ft_UeHtaUAAHB5h_jpg.rf.6f37d96f738f794a1c2972a6bcbbe4aa.jpg,,-1,,2048,1536,
valid/Scabies/FuJheyMacAEJlkF_jpg.rf.18ff645a55ba34f764003d7d4620b054.jpg,Scabies,FuJheyMacAEJlkF_jpg.rf.18ff645a55ba34f764003d7d4620b054.jpg,True,,,val,212,,2048,1536,
valid/Scabies/FuOeDD_aYAESg1Q_jpg.rf.68302b142c7605a8d639657bc6be586f.jpg,Scabies,FuOeDD_aYAESg1Q_jpg.rf.68302b142c7605a8d639657bc6be586f.jpg,True,,,val,213,,2048,1536,
valid/Scabies/IG11_1_jpg.rf.f6bff604af02c03cead9ae9626bfc08e.jpg,Scabies,IG11_1_jpg.rf.f6bff604af02c03cead9ae9626bfc08e.jpg,True,,,train,214,IG11,640,640,
valid/Scabies/IG11_267_jpg.rf.4f32a1c5e27284ba4857d342b47f8bf4.jpg,Scabies,IG11_267_jpg.rf.4f32a1c5e27284ba4857d342b47f8bf4.jpg,True,,,train,214,IG11,640,640,
valid/Scabies/IG1_447_jpg.rf.031f516cf3b110794ffe6702eb6018d6.jpg,Scabies,IG1_447_jpg.rf.031f516cf3b110794ffe6702eb6018d6.jpg,False,duplicate,test/Scabies/IG1_447_jpg.rf.0e89072ff7b40c941925aa78c5cc405d.jpg,,-1,IG1,640,640,
valid/Scabies/IG1_447_jpg.rf.79c7e6508ae2abf8a81e519ae13bee72.jpg,Scabies,IG1_447_jpg.rf.79c7e6508ae2abf8a81e519ae13bee72.jpg,False,duplicate,train/Scabies/IG1_447_jpg.rf.3f06badeca5c0962b862d4359947cd65.jpg,,-1,IG1,640,640,
valid/Scabies/IG1_536_jpg.rf.04af8b3069c197bc28cb60c2c3519332.jpg,Scabies,IG1_536_jpg.rf.04af8b3069c197bc28cb60c2c3519332.jpg,True,,,train,71,IG1,640,640,
valid/Scabies/IG2_1678_jpg.rf.e6a99ac8619570f13ddf4ee86ca84812.jpg,Scabies,IG2_1678_jpg.rf.e6a99ac8619570f13ddf4ee86ca84812.jpg,False,duplicate,train/Scabies/IG2_1678_jpg.rf.cc5e01ecab18ba1265643b7c56a36c46.jpg,,-1,IG2,640,640,
valid/Scabies/IG3_1_jpg.rf.bda14088da1ff3caeb340de6ba800fc0.jpg,Scabies,IG3_1_jpg.rf.bda14088da1ff3caeb340de6ba800fc0.jpg,False,duplicate,train/Scabies/IG3_1_jpg.rf.f2bfde9b1bf1a269e5d32a589c8e5465.jpg,,-1,IG3,640,640,
valid/Scabies/IG4_113_jpg.rf.5a384dec9f48fdfe047804493e6383e8.jpg,Scabies,IG4_113_jpg.rf.5a384dec9f48fdfe047804493e6383e8.jpg,True,,,train,73,IG4,640,640,
valid/Scabies/IG4_113_jpg.rf.c937bcb795f365633b8ce48207e56754.jpg,Scabies,IG4_113_jpg.rf.c937bcb795f365633b8ce48207e56754.jpg,False,duplicate,valid/Scabies/IG4_113_jpg.rf.5a384dec9f48fdfe047804493e6383e8.jpg,,-1,IG4,640,640,
valid/Scabies/IG4_32_jpg.rf.0270ebe0134b67f04967b8aa3a94592b.jpg,Scabies,IG4_32_jpg.rf.0270ebe0134b67f04967b8aa3a94592b.jpg,True,,,train,73,IG4,640,640,
valid/Scabies/IG7_357_jpg.rf.9f2d12897bafcd89f6ab13312dfa4ffc.jpg,Scabies,IG7_357_jpg.rf.9f2d12897bafcd89f6ab13312dfa4ffc.jpg,True,,,train,215,IG7,640,640,
valid/Scabies/IG7_357_jpg.rf.b8815aff96c28e344d972837bb983463.jpg,Scabies,IG7_357_jpg.rf.b8815aff96c28e344d972837bb983463.jpg,False,duplicate,valid/Scabies/IG7_357_jpg.rf.9f2d12897bafcd89f6ab13312dfa4ffc.jpg,,-1,IG7,640,640,
valid/Scabies/IG9_277_jpg.rf.922a2437ce871c51e5f27b318b0e38b4.jpg,Scabies,IG9_277_jpg.rf.922a2437ce871c51e5f27b318b0e38b4.jpg,False,duplicate,train/Scabies/IG9_277_jpg.rf.cc8baf233f47032b6d293ea711d805cd.jpg,,-1,IG9,640,640,
valid/Scabies/image27_png_jpg.rf.46791120b283553571d08def02ba8ae7.jpg,Scabies,image27_png_jpg.rf.46791120b283553571d08def02ba8ae7.jpg,False,duplicate,test/Scabies/image27_png_jpg.rf.7bed9f207deec0189a6d80e91c361e67.jpg,,-1,,253,332,
valid/Scabies/image29_png_jpg.rf.918f3ec19a515a1075acaaaf2db92799.jpg,Scabies,image29_png_jpg.rf.918f3ec19a515a1075acaaaf2db92799.jpg,True,,,val,216,,378,422,
valid/Scabies/image3_png_jpg.rf.5c83ecca04c734e679d31d12f7f9de80.jpg,Scabies,image3_png_jpg.rf.5c83ecca04c734e679d31d12f7f9de80.jpg,True,,,val,217,,591,444,
valid/Scabies/images-2-_jpeg_jpg.rf.aeb470f833de9cb25884db26232a48a9.jpg,Scabies,images-2-_jpeg_jpg.rf.aeb470f833de9cb25884db26232a48a9.jpg,True,,,test,218,,299,168,
valid/Scabies/image_scabies4_png_jpg.rf.df569242b65c0e584f699fd9bc528bf8.jpg,Scabies,image_scabies4_png_jpg.rf.df569242b65c0e584f699fd9bc528bf8.jpg,True,,,train,219,,450,362,
valid/Scabies/scabies1_png.rf.14180a03a2bbed10360d730175d069fa.jpg,Scabies,scabies1_png.rf.14180a03a2bbed10360d730175d069fa.jpg,True,,,test,220,,263,261,
valid/Scabies/Screenshot-2024-11-16-180805_png.rf.2ffb6b169295193b1bddb7e7d5e0e915.jpg,Scabies,Screenshot-2024-11-16-180805_png.rf.2ffb6b169295193b1bddb7e7d5e0e915.jpg,True,,,train,221,,242,252,
valid/Scabies/Screenshot-2024-11-16-180840_png.rf.b0ecc758ad4a5277008919fed2b6c4b5.jpg,Scabies,Screenshot-2024-11-16-180840_png.rf.b0ecc758ad4a5277008919fed2b6c4b5.jpg,True,,,val,222,,270,370,
valid/Scabies/Screenshot-2024-11-16-181958_png.rf.1512b32995c985ff01697139a57ecee0.jpg,Scabies,Screenshot-2024-11-16-181958_png.rf.1512b32995c985ff01697139a57ecee0.jpg,True,,,val,223,,302,193,
train/Flea Allergy/1000010601_x4_jpg.rf.ca59189e0ae80ca23401ca4dabaa5467.jpg,Flea Allergy,1000010601_x4_jpg.rf.ca59189e0ae80ca23401ca4dabaa5467.jpg,True,,,val,224,,640,640,
train/Flea Allergy/1000010771_x16_jpg.rf.9e1681576a22f77741c3e73db4fdfc26.jpg,Flea Allergy,1000010771_x16_jpg.rf.9e1681576a22f77741c3e73db4fdfc26.jpg,True,,,train,225,,640,640,
train/Flea Allergy/340947808_546167834308890_7592465449990658927_n_jpg.rf.e23c5c333eb137940cb474f58bc3ba11.jpg,Flea Allergy,340947808_546167834308890_7592465449990658927_n_jpg.rf.e23c5c333eb137940cb474f58bc3ba11.jpg,True,,,val,226,,640,640,
train/Flea Allergy/annotation-dermatitis-flea_allergy-ringworm-DtyN-1-_png.rf.dae891d8ba83daf1e88fad7998152b62.jpg,Flea Allergy,annotation-dermatitis-flea_allergy-ringworm-DtyN-1-_png.rf.dae891d8ba83daf1e88fad7998152b62.jpg,False,junk (not a cat photo),,,-1,,133,200,
train/Flea Allergy/annotation-dermatitis-flea_allergy-ringworm-DtyN-4-_png.rf.d3edd67bc34a6e7f1502dd6a726b6809.jpg,Flea Allergy,annotation-dermatitis-flea_allergy-ringworm-DtyN-4-_png.rf.d3edd67bc34a6e7f1502dd6a726b6809.jpg,False,junk (not a cat photo),,,-1,,150,200,
train/Flea Allergy/annotation-dermatitis-flea_allergy-ringworm-DtyN-6-_png.rf.0c58114c9f409d78c649b5b047eac53a.jpg,Flea Allergy,annotation-dermatitis-flea_allergy-ringworm-DtyN-6-_png.rf.0c58114c9f409d78c649b5b047eac53a.jpg,False,junk (not a cat photo),,,-1,,150,200,
train/Flea Allergy/annotation-dermatitis-flea_allergy-ringworm-DtyN_png.rf.23193c43d2aa6e8c2d106c7e82d60495.jpg,Flea Allergy,annotation-dermatitis-flea_allergy-ringworm-DtyN_png.rf.23193c43d2aa6e8c2d106c7e82d60495.jpg,False,junk (not a cat photo),,,-1,,200,120,
train/Flea Allergy/Atopic-dermatitis_Red-skin-dog-abdomen_DermVets_jpg.rf.149b5e31f83dc50f53fa2ba35bc7c57d.jpg,Flea Allergy,Atopic-dermatitis_Red-skin-dog-abdomen_DermVets_jpg.rf.149b5e31f83dc50f53fa2ba35bc7c57d.jpg,True,,,train,227,,640,640,
train/Flea Allergy/aug_0_2048-1-_jpeg.rf.7f8aa7f3a36879388cae8d01b3c45913.jpg,Flea Allergy,aug_0_2048-1-_jpeg.rf.7f8aa7f3a36879388cae8d01b3c45913.jpg,True,,,test,228,,563,750,
train/Flea Allergy/aug_0_2133_jpeg.rf.4211e5d977674d7dcd61b1bcf5cc27e5.jpg,Flea Allergy,aug_0_2133_jpeg.rf.4211e5d977674d7dcd61b1bcf5cc27e5.jpg,True,,,train,229,,620,372,
train/Flea Allergy/aug_0_2309_jpeg.rf.2d8ebce0c03206ccebe0b4e7b9e0a8f8.jpg,Flea Allergy,aug_0_2309_jpeg.rf.2d8ebce0c03206ccebe0b4e7b9e0a8f8.jpg,False,duplicate,valid/Flea Allergy/aug_0_2309_jpeg_jpg.rf.038e04ccb52fe2cb08f7cd171a226d66.jpg,,-1,,620,372,
train/Flea Allergy/aug_0_234_jpeg.rf.3e183a1ea2b724e97718a5953f8ad7fd.jpg,Flea Allergy,aug_0_234_jpeg.rf.3e183a1ea2b724e97718a5953f8ad7fd.jpg,True,,,train,230,,474,350,
train/Flea Allergy/aug_0_2755_jpeg.rf.bd68bdeeeea914cc2167a828305dda29.jpg,Flea Allergy,aug_0_2755_jpeg.rf.bd68bdeeeea914cc2167a828305dda29.jpg,False,duplicate,train/Flea Allergy/aug_0_2755_jpeg_jpg.rf.f32ad0b61710bf249ad50f570b58de1d.jpg,,-1,,474,355,
train/Flea Allergy/aug_0_2755_jpeg_jpg.rf.f32ad0b61710bf249ad50f570b58de1d.jpg,Flea Allergy,aug_0_2755_jpeg_jpg.rf.f32ad0b61710bf249ad50f570b58de1d.jpg,True,,,val,231,,640,640,
train/Flea Allergy/aug_0_2973_jpeg.rf.bc1ccaf7fbf306a16dfa3d9046709a7e.jpg,Flea Allergy,aug_0_2973_jpeg.rf.bc1ccaf7fbf306a16dfa3d9046709a7e.jpg,True,,,val,232,,563,750,
train/Flea Allergy/aug_0_3008_jpeg.rf.317ff5671bcd3b8fb47b5387c0878a39.jpg,Flea Allergy,aug_0_3008_jpeg.rf.317ff5671bcd3b8fb47b5387c0878a39.jpg,False,duplicate,valid/Flea Allergy/aug_0_3008_jpeg_jpg.rf.05aad1328be3e390d44c704faf55bbd0.jpg,,-1,,620,372,
train/Flea Allergy/aug_0_3019_jpeg.rf.432f9f34d2d25034eec788fc3238485d.jpg,Flea Allergy,aug_0_3019_jpeg.rf.432f9f34d2d25034eec788fc3238485d.jpg,True,,,train,233,,563,750,
train/Flea Allergy/aug_0_3170_jpeg_jpg.rf.df39ac72df4b1f7a7fcb2984bb59aadd.jpg,Flea Allergy,aug_0_3170_jpeg_jpg.rf.df39ac72df4b1f7a7fcb2984bb59aadd.jpg,True,,,test,234,,640,640,
train/Flea Allergy/aug_0_3176_jpeg_jpg.rf.3bd55d9963616099f68346c7f3cd265a.jpg,Flea Allergy,aug_0_3176_jpeg_jpg.rf.3bd55d9963616099f68346c7f3cd265a.jpg,True,,,train,235,,640,640,
train/Flea Allergy/aug_0_3254-1-_jpeg.rf.9982d143d605a60f32ccd49b55a48b3b.jpg,Flea Allergy,aug_0_3254-1-_jpeg.rf.9982d143d605a60f32ccd49b55a48b3b.jpg,True,,,train,236,,474,355,
train/Flea Allergy/aug_0_342_jpeg_jpg.rf.0495bfae8608e175eb738ddf0c41b6bb.jpg,Flea Allergy,aug_0_342_jpeg_jpg.rf.0495bfae8608e175eb738ddf0c41b6bb.jpg,True,,,train,237,,640,640,
train/Flea Allergy/aug_0_4104_jpeg_jpg.rf.993b057e2c000b6853ae92094503805c.jpg,Flea Allergy,aug_0_4104_jpeg_jpg.rf.993b057e2c000b6853ae92094503805c.jpg,True,,,train,238,,640,640,
train/Flea Allergy/aug_0_4493_jpeg.rf.3c6103a2d6ea089d83b0eee3d881b8e4.jpg,Flea Allergy,aug_0_4493_jpeg.rf.3c6103a2d6ea089d83b0eee3d881b8e4.jpg,True,,,train,239,,474,350,
train/Flea Allergy/aug_0_4602_jpeg.rf.6f2561175d519b6d3a8a5870c0b55682.jpg,Flea Allergy,aug_0_4602_jpeg.rf.6f2561175d519b6d3a8a5870c0b55682.jpg,True,,,val,240,,474,350,
train/Flea Allergy/aug_0_5050_jpeg.rf.25e29d8c9dd4bc202114cbb37b0a17d6.jpg,Flea Allergy,aug_0_5050_jpeg.rf.25e29d8c9dd4bc202114cbb37b0a17d6.jpg,True,,,train,241,,474,350,
train/Flea Allergy/aug_0_5453_jpeg.rf.d0ca161c14d88a97a079a7192923a52c.jpg,Flea Allergy,aug_0_5453_jpeg.rf.d0ca161c14d88a97a079a7192923a52c.jpg,True,,,test,242,,474,350,
train/Flea Allergy/aug_0_5745_jpeg_jpg.rf.d2e5a6063af28458a56d3304938732e3.jpg,Flea Allergy,aug_0_5745_jpeg_jpg.rf.d2e5a6063af28458a56d3304938732e3.jpg,True,,,train,243,,640,640,
train/Flea Allergy/aug_0_6356_jpeg.rf.aad3183baaa0d1f550c53128fcb0dcbd.jpg,Flea Allergy,aug_0_6356_jpeg.rf.aad3183baaa0d1f550c53128fcb0dcbd.jpg,True,,,train,244,,620,372,
train/Flea Allergy/aug_0_6545-1-_jpeg.rf.dc62765640f1e37f33b9e44a24ac234f.jpg,Flea Allergy,aug_0_6545-1-_jpeg.rf.dc62765640f1e37f33b9e44a24ac234f.jpg,True,,,val,245,,474,350,
train/Flea Allergy/aug_0_6615_jpeg.rf.2d96bc64aaf5b189b04fbcaeebec0c69.jpg,Flea Allergy,aug_0_6615_jpeg.rf.2d96bc64aaf5b189b04fbcaeebec0c69.jpg,True,,,train,246,,474,355,
train/Flea Allergy/aug_0_6721_jpeg.rf.986e6a1e10e7d41994767f56df2cd95f.jpg,Flea Allergy,aug_0_6721_jpeg.rf.986e6a1e10e7d41994767f56df2cd95f.jpg,True,,,test,247,,474,350,
train/Flea Allergy/aug_0_7089_jpeg.rf.d547ba4da8c3f78a33bd30e60b9455e4.jpg,Flea Allergy,aug_0_7089_jpeg.rf.d547ba4da8c3f78a33bd30e60b9455e4.jpg,True,,,test,248,,563,750,
train/Flea Allergy/aug_0_734_jpeg.rf.cda3f7f2437523dfce6e303e147dc5ac.jpg,Flea Allergy,aug_0_734_jpeg.rf.cda3f7f2437523dfce6e303e147dc5ac.jpg,True,,,train,249,,620,372,
train/Flea Allergy/aug_0_7418_jpeg_jpg.rf.59f761ab8b6b3efc0bf422dccdcae5a8.jpg,Flea Allergy,aug_0_7418_jpeg_jpg.rf.59f761ab8b6b3efc0bf422dccdcae5a8.jpg,True,,,train,250,,640,640,
train/Flea Allergy/aug_0_7473_jpeg.rf.1e834240fa378b24a86de4da6f2c9ac8.jpg,Flea Allergy,aug_0_7473_jpeg.rf.1e834240fa378b24a86de4da6f2c9ac8.jpg,False,duplicate,train/Flea Allergy/aug_0_7473_jpeg_jpg.rf.ea37ef1e400773e533139682962d4435.jpg,,-1,,474,350,
train/Flea Allergy/aug_0_7473_jpeg_jpg.rf.ea37ef1e400773e533139682962d4435.jpg,Flea Allergy,aug_0_7473_jpeg_jpg.rf.ea37ef1e400773e533139682962d4435.jpg,True,,,train,251,,640,640,
train/Flea Allergy/aug_0_7532_jpeg.rf.928f602592f8a65b4beb891a482abbe6.jpg,Flea Allergy,aug_0_7532_jpeg.rf.928f602592f8a65b4beb891a482abbe6.jpg,True,,,train,252,,620,372,
train/Flea Allergy/aug_0_7695_jpeg.rf.a4f813ef1bb08f5a4d0e0c7247744285.jpg,Flea Allergy,aug_0_7695_jpeg.rf.a4f813ef1bb08f5a4d0e0c7247744285.jpg,False,duplicate,train/Flea Allergy/aug_0_7695_jpeg_jpg.rf.ccff4241dd1f40d2417d2348cb819403.jpg,,-1,,474,355,
train/Flea Allergy/aug_0_7695_jpeg_jpg.rf.ccff4241dd1f40d2417d2348cb819403.jpg,Flea Allergy,aug_0_7695_jpeg_jpg.rf.ccff4241dd1f40d2417d2348cb819403.jpg,True,,,train,253,,640,640,
train/Flea Allergy/aug_0_7726_jpeg_jpg.rf.c1883571853aebf0a0a51d494b18c0aa.jpg,Flea Allergy,aug_0_7726_jpeg_jpg.rf.c1883571853aebf0a0a51d494b18c0aa.jpg,True,,,val,254,,640,640,
train/Flea Allergy/aug_0_794_jpeg.rf.703e363efd681a14a4f0ed6942a5c436.jpg,Flea Allergy,aug_0_794_jpeg.rf.703e363efd681a14a4f0ed6942a5c436.jpg,False,duplicate,valid/Flea Allergy/aug_0_794_jpeg_jpg.rf.e811ee44d8d764f8c506c7324c71f816.jpg,,-1,,474,355,
train/Flea Allergy/aug_0_8205_jpeg.rf.72a02ac08f1021bab6e423bf85606542.jpg,Flea Allergy,aug_0_8205_jpeg.rf.72a02ac08f1021bab6e423bf85606542.jpg,True,,,train,255,,563,750,
train/Flea Allergy/aug_0_862_jpeg_jpg.rf.43a8312dadeb480ec01cf0947e1e4663.jpg,Flea Allergy,aug_0_862_jpeg_jpg.rf.43a8312dadeb480ec01cf0947e1e4663.jpg,True,,,train,256,,640,640,
train/Flea Allergy/aug_0_9230_jpeg_jpg.rf.661bfb79c500e69457ddefea385799cd.jpg,Flea Allergy,aug_0_9230_jpeg_jpg.rf.661bfb79c500e69457ddefea385799cd.jpg,True,,,train,257,,640,640,
train/Flea Allergy/aug_0_9247_jpeg_jpg.rf.28b6906c1cf737ba690818f67cab0feb.jpg,Flea Allergy,aug_0_9247_jpeg_jpg.rf.28b6906c1cf737ba690818f67cab0feb.jpg,True,,,train,258,,640,640,
train/Flea Allergy/aug_0_9416_jpeg.rf.b7676eb31ba9a6a80b1cb24d81899ab7.jpg,Flea Allergy,aug_0_9416_jpeg.rf.b7676eb31ba9a6a80b1cb24d81899ab7.jpg,True,,,train,259,,563,750,
train/Flea Allergy/aug_0_9883_jpeg_jpg.rf.079f3098cbc724d0f3d8ba42f2125dd6.jpg,Flea Allergy,aug_0_9883_jpeg_jpg.rf.079f3098cbc724d0f3d8ba42f2125dd6.jpg,True,,,train,260,,640,640,
train/Flea Allergy/aug_0_9991_jpeg.rf.05d69aaa22066e9bfb19e2b2bfdab9d1.jpg,Flea Allergy,aug_0_9991_jpeg.rf.05d69aaa22066e9bfb19e2b2bfdab9d1.jpg,False,duplicate,train/Flea Allergy/aug_0_9991_jpeg_jpg.rf.46a75ab3a56b2a441ff8b07d2e2ff06a.jpg,,-1,,474,355,
train/Flea Allergy/aug_0_9991_jpeg_jpg.rf.46a75ab3a56b2a441ff8b07d2e2ff06a.jpg,Flea Allergy,aug_0_9991_jpeg_jpg.rf.46a75ab3a56b2a441ff8b07d2e2ff06a.jpg,True,,,train,261,,640,640,
train/Flea Allergy/flea_allergy-14-_jpg.rf.9cd5b437b3a0b3d12f4706daa0b17230.jpg,Flea Allergy,flea_allergy-14-_jpg.rf.9cd5b437b3a0b3d12f4706daa0b17230.jpg,True,,,train,262,,640,640,
train/Flea Allergy/flea_allergy-30-_jpg.rf.e05166f91899d2a07e1830fb7f7eac27.jpg,Flea Allergy,flea_allergy-30-_jpg.rf.e05166f91899d2a07e1830fb7f7eac27.jpg,True,,,train,263,,640,640,
train/Flea Allergy/flea_allergy-4-_jpg.rf.f05b011e32779ba795a83a089a91a905.jpg,Flea Allergy,flea_allergy-4-_jpg.rf.f05b011e32779ba795a83a089a91a905.jpg,True,,,train,264,,640,640,
train/Flea Allergy/flea_allergy-49-_jpg.rf.458598d933aa1bbf334768202967adfa.jpg,Flea Allergy,flea_allergy-49-_jpg.rf.458598d933aa1bbf334768202967adfa.jpg,True,,,val,265,,640,640,
train/Flea Allergy/flea_allergy-55-_jpg.rf.85e92766d2dcd43ba9638e950bdafb61.jpg,Flea Allergy,flea_allergy-55-_jpg.rf.85e92766d2dcd43ba9638e950bdafb61.jpg,True,,,train,266,,640,640,
train/Flea Allergy/flea_allergy-58-_jpg.rf.b0077edb9230dbfa0e46a3b45be7f304.jpg,Flea Allergy,flea_allergy-58-_jpg.rf.b0077edb9230dbfa0e46a3b45be7f304.jpg,True,,,test,267,,640,640,
train/Flea Allergy/hotspot-103-_jpg.rf.8581df8c32fa165efe431168c7282f92.jpg,Flea Allergy,hotspot-103-_jpg.rf.8581df8c32fa165efe431168c7282f92.jpg,True,,,val,268,,640,640,
train/Flea Allergy/Image_12-2-_jpg.rf.228f584fbc9b65733bcb20b382c876bf.jpg,Flea Allergy,Image_12-2-_jpg.rf.228f584fbc9b65733bcb20b382c876bf.jpg,True,,,train,269,,640,640,
train/Flea Allergy/image_12_jpg.rf.597b345bee97ca9998888d2543693fd6.jpg,Flea Allergy,image_12_jpg.rf.597b345bee97ca9998888d2543693fd6.jpg,True,,,train,270,,474,350,
train/Flea Allergy/Image_13_jpg.rf.8e5018520bcb306ecfc5d11b2e85b37c.jpg,Flea Allergy,Image_13_jpg.rf.8e5018520bcb306ecfc5d11b2e85b37c.jpg,True,,,train,271,,640,640,
train/Flea Allergy/Image_14-2-_jpg.rf.4bbe3e81f7b765c1e2b4e2989c6be316.jpg,Flea Allergy,Image_14-2-_jpg.rf.4bbe3e81f7b765c1e2b4e2989c6be316.jpg,False,duplicate,train/Flea Allergy/Image_14-2-_jpg.rf.b582ef69239e61939dfe8737f252673f.jpg,,-1,,640,640,
train/Flea Allergy/Image_14-2-_jpg.rf.b582ef69239e61939dfe8737f252673f.jpg,Flea Allergy,Image_14-2-_jpg.rf.b582ef69239e61939dfe8737f252673f.jpg,True,,,train,272,,1200,801,
train/Flea Allergy/image_17_jpeg_jpg.rf.3187dabe2f5378996f60bd735141a233.jpg,Flea Allergy,image_17_jpeg_jpg.rf.3187dabe2f5378996f60bd735141a233.jpg,True,,,test,273,,640,640,
train/Flea Allergy/Image_20-2-_JPG_jpg.rf.d697eb46f13d3c06f757d27a63b081b6.jpg,Flea Allergy,Image_20-2-_JPG_jpg.rf.d697eb46f13d3c06f757d27a63b081b6.jpg,True,,,train,274,,640,640,
train/Flea Allergy/image_20_jpg.rf.6edf05e72a23604fce933e7ac56f18dc.jpg,Flea Allergy,image_20_jpg.rf.6edf05e72a23604fce933e7ac56f18dc.jpg,True,,,train,275,,640,640,
train/Flea Allergy/image_21-1-_jpg.rf.a5c61efbf2bedfdbd09972eb471a69fd.jpg,Flea Allergy,image_21-1-_jpg.rf.a5c61efbf2bedfdbd09972eb471a69fd.jpg,True,,,test,276,,300,274,
train/Flea Allergy/Image_22-2-_jpg.rf.5da7b154cc0059b551e349e11b343a8b.jpg,Flea Allergy,Image_22-2-_jpg.rf.5da7b154cc0059b551e349e11b343a8b.jpg,True,,,test,277,,696,445,
train/Flea Allergy/Image_24-3-_png.rf.5313eeddc636588f6c65221635cde787.jpg,Flea Allergy,Image_24-3-_png.rf.5313eeddc636588f6c65221635cde787.jpg,True,,,train,278,,274,315,
train/Flea Allergy/image_25-1-_jpg.rf.6054c226813984b867c7ccd2a21cd701.jpg,Flea Allergy,image_25-1-_jpg.rf.6054c226813984b867c7ccd2a21cd701.jpg,False,duplicate,valid/Flea Allergy/image_25_jpg.rf.635bbdfda4221a5a7d53f54e00ad57b2.jpg,,-1,,474,355,
train/Flea Allergy/Image_26-4-_jpg.rf.c0a30ac3c28f8642cb7fcf56d2ba2af8.jpg,Flea Allergy,Image_26-4-_jpg.rf.c0a30ac3c28f8642cb7fcf56d2ba2af8.jpg,True,,,train,279,,640,640,
train/Flea Allergy/image_2_jpg.rf.6f61f2f1d1dabd1966f32b1234fc727b.jpg,Flea Allergy,image_2_jpg.rf.6f61f2f1d1dabd1966f32b1234fc727b.jpg,False,duplicate,test/Flea Allergy/Image_44_jpg.rf.203687b87ae08f3b82f50cae851b6139.jpg,,-1,,300,200,
train/Flea Allergy/image_3-1-_jpg.rf.cd02c871e109c41d3360daa0fb542db4.jpg,Flea Allergy,image_3-1-_jpg.rf.cd02c871e109c41d3360daa0fb542db4.jpg,True,,,test,280,,474,355,
train/Flea Allergy/Image_3-2-_jpg.rf.32773cc63f48477bd7621a722d1f7545.jpg,Flea Allergy,Image_3-2-_jpg.rf.32773cc63f48477bd7621a722d1f7545.jpg,False,duplicate,valid/Flea Allergy/Image_3-2-_jpg.rf.efed7fafa598f6b187dcfeb0d876258e.jpg,,-1,,640,640,
train/Flea Allergy/Image_31-2-_jpg.rf.9b012d66ffc8c18f128e6a9965e9e376.jpg,Flea Allergy,Image_31-2-_jpg.rf.9b012d66ffc8c18f128e6a9965e9e376.jpg,True,,,train,281,,640,640,
train/Flea Allergy/Image_31-3-_jpg.rf.4a9513c7f906c9577e7784ad5981da9a.jpg,Flea Allergy,Image_31-3-_jpg.rf.4a9513c7f906c9577e7784ad5981da9a.jpg,True,,,train,282,,800,600,
train/Flea Allergy/Image_33-3-_jpg.rf.5b780ce81f14c1298681eae81a2dd8b7.jpg,Flea Allergy,Image_33-3-_jpg.rf.5b780ce81f14c1298681eae81a2dd8b7.jpg,True,,,train,283,,640,640,
train/Flea Allergy/Image_34_jpg.rf.f0940e3be5a372a83bb939d58ba7334c.jpg,Flea Allergy,Image_34_jpg.rf.f0940e3be5a372a83bb939d58ba7334c.jpg,True,,,test,284,,640,640,
train/Flea Allergy/Image_37-1-_jpg.rf.a2a567849d113cb1f078b428e136df18.jpg,Flea Allergy,Image_37-1-_jpg.rf.a2a567849d113cb1f078b428e136df18.jpg,True,,,train,285,,1000,664,
train/Flea Allergy/Image_38_jpg.rf.04607e4099eba365c9a1aa8bd2a6b8a7.jpg,Flea Allergy,Image_38_jpg.rf.04607e4099eba365c9a1aa8bd2a6b8a7.jpg,True,,,train,286,,1500,1125,
train/Flea Allergy/Image_41_jpeg.rf.518a3c92869d46065fb1991c439621e6.jpg,Flea Allergy,Image_41_jpeg.rf.518a3c92869d46065fb1991c439621e6.jpg,True,,,val,287,,1000,600,
train/Flea Allergy/Image_42_jpg.rf.d841fbf8a895f2587d4f23d914aabacf.jpg,Flea Allergy,Image_42_jpg.rf.d841fbf8a895f2587d4f23d914aabacf.jpg,True,,,train,288,,2016,1512,
train/Flea Allergy/Image_43_jpg.rf.6e71a62ebc127152720a5aae397713be.jpg,Flea Allergy,Image_43_jpg.rf.6e71a62ebc127152720a5aae397713be.jpg,True,,,test,289,,620,372,
train/Flea Allergy/Image_48_jpg.rf.e9545a7384a4d022bef76d118852c5e1.jpg,Flea Allergy,Image_48_jpg.rf.e9545a7384a4d022bef76d118852c5e1.jpg,True,,,train,290,,640,640,
train/Flea Allergy/Image_49_jpg.rf.325fa49d6f998d7ccf40d7ee78e203fd.jpg,Flea Allergy,Image_49_jpg.rf.325fa49d6f998d7ccf40d7ee78e203fd.jpg,True,,,train,291,,640,640,
train/Flea Allergy/Image_56_jpg.rf.9aff189f4c950e77e41a75cdecfcd733.jpg,Flea Allergy,Image_56_jpg.rf.9aff189f4c950e77e41a75cdecfcd733.jpg,True,,,val,292,,640,640,
train/Flea Allergy/Image_61_jpg.rf.39f3101d74771c94a690630a4a013da5.jpg,Flea Allergy,Image_61_jpg.rf.39f3101d74771c94a690630a4a013da5.jpg,True,,,train,293,,236,177,
train/Flea Allergy/Image_66_jpg.rf.99e80bffe21c8d3d466a24f081e2fa8e.jpg,Flea Allergy,Image_66_jpg.rf.99e80bffe21c8d3d466a24f081e2fa8e.jpg,True,,,train,294,,300,300,
train/Flea Allergy/Image_68-2-_jpg.rf.7715798f95d89db0f9376de013b4a927.jpg,Flea Allergy,Image_68-2-_jpg.rf.7715798f95d89db0f9376de013b4a927.jpg,False,duplicate,test/Flea Allergy/Image_68-2-_jpg.rf.00b3f030722209fc56dd3e811e34993f.jpg,,-1,,640,640,
train/Flea Allergy/Image_6_png.rf.1ea079c04411a715cfb82f78b90234ed.jpg,Flea Allergy,Image_6_png.rf.1ea079c04411a715cfb82f78b90234ed.jpg,True,,,train,295,,1182,780,
train/Flea Allergy/Image_79_jpg.rf.0b77276509cf4e101c17a8b95df46bee.jpg,Flea Allergy,Image_79_jpg.rf.0b77276509cf4e101c17a8b95df46bee.jpg,True,,,train,296,,640,640,
train/Flea Allergy/Image_8-2-1-_jpg.rf.9f10f4175a52e26cddd0f61202abf0b2.jpg,Flea Allergy,Image_8-2-1-_jpg.rf.9f10f4175a52e26cddd0f61202abf0b2.jpg,False,duplicate,train/Flea Allergy/Image_8-2-_jpg.rf.b74f0b34ae2df01f0a623deb61eb1e5c.jpg,,-1,,640,640,
train/Flea Allergy/Image_8-2-_jpg.rf.b74f0b34ae2df01f0a623deb61eb1e5c.jpg,Flea Allergy,Image_8-2-_jpg.rf.b74f0b34ae2df01f0a623deb61eb1e5c.jpg,True,,,train,297,,563,750,
train/Flea Allergy/image_9_jpg.rf.8626f8e50601b33440810a0cddf5398e.jpg,Flea Allergy,image_9_jpg.rf.8626f8e50601b33440810a0cddf5398e.jpg,True,,,train,298,,640,640,
train/Flea Allergy/Poodle-hotspot-care-000122_png_jpg.rf.74e4a833537b4cca91bcc34d040ccb63.jpg,Flea Allergy,Poodle-hotspot-care-000122_png_jpg.rf.74e4a833537b4cca91bcc34d040ccb63.jpg,True,,,train,299,,640,640,
train/Flea Allergy/Poodle-hotspot-care-000125_png_jpg.rf.365b0a30ab1ee3e08c6128799eeb44fe.jpg,Flea Allergy,Poodle-hotspot-care-000125_png_jpg.rf.365b0a30ab1ee3e08c6128799eeb44fe.jpg,True,,,train,299,,640,640,
train/Flea Allergy/thumb-1-_jpg.rf.52b726fa5966413fd680066041379f48.jpg,Flea Allergy,thumb-1-_jpg.rf.52b726fa5966413fd680066041379f48.jpg,True,,,train,300,,133,200,small image (<150 px)
train/Flea Allergy/thumb-10-_jpg.rf.d0b0de3ab603277506fe09ceb65918a1.jpg,Flea Allergy,thumb-10-_jpg.rf.d0b0de3ab603277506fe09ceb65918a1.jpg,True,,,train,301,,150,200,
train/Flea Allergy/thumb-10-_jpg.rf.d5eb82d50baae81597f6c842477e13be.jpg,Flea Allergy,thumb-10-_jpg.rf.d5eb82d50baae81597f6c842477e13be.jpg,True,,,train,302,,150,200,
train/Flea Allergy/thumb-11-_jpg.rf.3b103c5a066c0859f99d5c39cd43b926.jpg,Flea Allergy,thumb-11-_jpg.rf.3b103c5a066c0859f99d5c39cd43b926.jpg,True,,,train,303,,150,200,
train/Flea Allergy/thumb-12-_jpg.rf.388ac90bab3c4c1a0fefe30874da5605.jpg,Flea Allergy,thumb-12-_jpg.rf.388ac90bab3c4c1a0fefe30874da5605.jpg,True,,,train,304,,150,200,
train/Flea Allergy/thumb-12-_jpg.rf.d1c16bc74b4c7eff13ffbe90e834e41a.jpg,Flea Allergy,thumb-12-_jpg.rf.d1c16bc74b4c7eff13ffbe90e834e41a.jpg,True,,,train,305,,150,200,
train/Flea Allergy/thumb-13-_jpg.rf.155875c31af4075b72fff999847b3b75.jpg,Flea Allergy,thumb-13-_jpg.rf.155875c31af4075b72fff999847b3b75.jpg,False,duplicate,train/Flea Allergy/aug_0_3019_jpeg.rf.432f9f34d2d25034eec788fc3238485d.jpg,,-1,,150,200,
train/Flea Allergy/thumb-13-_jpg.rf.6449a8ffdfcda46b03856322de3d8945.jpg,Flea Allergy,thumb-13-_jpg.rf.6449a8ffdfcda46b03856322de3d8945.jpg,False,duplicate,train/Flea Allergy/aug_0_6545-1-_jpeg.rf.dc62765640f1e37f33b9e44a24ac234f.jpg,,-1,,200,148,
train/Flea Allergy/thumb-14-_jpg.rf.1dccc40a2ae733a49fd4813016e02e53.jpg,Flea Allergy,thumb-14-_jpg.rf.1dccc40a2ae733a49fd4813016e02e53.jpg,True,,,train,306,,150,200,
train/Flea Allergy/thumb-14-_jpg.rf.3a5ffd6d1de1f8726222f6141240799c.jpg,Flea Allergy,thumb-14-_jpg.rf.3a5ffd6d1de1f8726222f6141240799c.jpg,False,duplicate,train/Flea Allergy/aug_0_2048-1-_jpeg.rf.7f8aa7f3a36879388cae8d01b3c45913.jpg,,-1,,150,200,
train/Flea Allergy/thumb-15-_jpg.rf.60e01a5c2081ef99e4a8bd6d7b8a91a7.jpg,Flea Allergy,thumb-15-_jpg.rf.60e01a5c2081ef99e4a8bd6d7b8a91a7.jpg,True,,,test,307,,150,200,
train/Flea Allergy/thumb-17-_jpg.rf.c33199bab1863eb0dcc6684ce73ce7d1.jpg,Flea Allergy,thumb-17-_jpg.rf.c33199bab1863eb0dcc6684ce73ce7d1.jpg,True,,,test,308,,200,193,
train/Flea Allergy/thumb-18-_jpg.rf.2790c0b60d23c1b1bd4de78c490cd560.jpg,Flea Allergy,thumb-18-_jpg.rf.2790c0b60d23c1b1bd4de78c490cd560.jpg,True,,,test,309,,150,200,
train/Flea Allergy/thumb-18-_jpg.rf.7d13b50fe48a12a547335f629cb9a484.jpg,Flea Allergy,thumb-18-_jpg.rf.7d13b50fe48a12a547335f629cb9a484.jpg,False,duplicate,train/Flea Allergy/aug_0_3254-1-_jpeg.rf.9982d143d605a60f32ccd49b55a48b3b.jpg,,-1,,200,150,
train/Flea Allergy/thumb-19-_jpg.rf.4a0dda8587fda1802775491e673cdf8e.jpg,Flea Allergy,thumb-19-_jpg.rf.4a0dda8587fda1802775491e673cdf8e.jpg,False,duplicate,train/Flea Allergy/Image_6_png.rf.1ea079c04411a715cfb82f78b90234ed.jpg,,-1,,200,132,
train/Flea Allergy/thumb-2-_jpg.rf.e8d84b00312abb34f27a3921ea1c4b5d.jpg,Flea Allergy,thumb-2-_jpg.rf.e8d84b00312abb34f27a3921ea1c4b5d.jpg,False,duplicate,train/Flea Allergy/Image_20-2-_JPG_jpg.rf.d697eb46f13d3c06f757d27a63b081b6.jpg,,-1,,143,200,
train/Flea Allergy/thumb-20-_jpg.rf.1d94fd0f5a89645313d9ffb37740f496.jpg,Flea Allergy,thumb-20-_jpg.rf.1d94fd0f5a89645313d9ffb37740f496.jpg,True,,,train,310,,200,113,small image (<150 px)
train/Flea Allergy/thumb-20-_jpg.rf.b54d037168240b94822e9e0c75c37974.jpg,Flea Allergy,thumb-20-_jpg.rf.b54d037168240b94822e9e0c75c37974.jpg,True,,,train,311,,200,120,small image (<150 px)
train/Flea Allergy/thumb-21-_jpg.rf.80840c91649fe3d9e5183b3822f65165.jpg,Flea Allergy,thumb-21-_jpg.rf.80840c91649fe3d9e5183b3822f65165.jpg,False,duplicate,train/Flea Allergy/aug_0_3176_jpeg_jpg.rf.3bd55d9963616099f68346c7f3cd265a.jpg,,-1,,200,148,
train/Flea Allergy/thumb-22-_jpg.rf.d9356c6aebe5948a5d8bd2f6226aa315.jpg,Flea Allergy,thumb-22-_jpg.rf.d9356c6aebe5948a5d8bd2f6226aa315.jpg,False,duplicate,valid/Flea Allergy/aug_0_3637_jpeg.rf.1f7370009a6f3ac5cef430641f10f70f.jpg,,-1,,200,150,
train/Flea Allergy/thumb-23-_jpg.rf.4828f8dcc6010c613e468d7a9833bf34.jpg,Flea Allergy,thumb-23-_jpg.rf.4828f8dcc6010c613e468d7a9833bf34.jpg,True,,,test,312,,200,193,
train/Flea Allergy/thumb-23-_jpg.rf.4fcf712c35ce93875b29e4e6938ad379.jpg,Flea Allergy,thumb-23-_jpg.rf.4fcf712c35ce93875b29e4e6938ad379.jpg,False,duplicate,train/Flea Allergy/aug_0_234_jpeg.rf.3e183a1ea2b724e97718a5953f8ad7fd.jpg,,-1,,200,148,
train/Flea Allergy/thumb-24-_jpg.rf.5e939918dd953e6b32e139fce963796a.jpg,Flea Allergy,thumb-24-_jpg.rf.5e939918dd953e6b32e139fce963796a.jpg,False,duplicate,valid/Flea Allergy/aug_0_1323_jpeg.rf.03334cf887e0a653b710e107317c4327.jpg,,-1,,150,200,
train/Flea Allergy/thumb-25-_jpg.rf.b44be8dbe6c8934360eff38715347a7a.jpg,Flea Allergy,thumb-25-_jpg.rf.b44be8dbe6c8934360eff38715347a7a.jpg,True,,,train,313,,200,133,small image (<150 px)
train/Flea Allergy/thumb-26-_jpg.rf.984346c52cb8676006c0855bea4311ae.jpg,Flea Allergy,thumb-26-_jpg.rf.984346c52cb8676006c0855bea4311ae.jpg,False,duplicate,valid/Flea Allergy/aug_0_3663_jpeg.rf.40d22dfcacc3113db7d99807b1b45279.jpg,,-1,,200,120,
train/Flea Allergy/thumb-27-_jpg.rf.8c0d1e68019d5d6be2fc17e52a6a576d.jpg,Flea Allergy,thumb-27-_jpg.rf.8c0d1e68019d5d6be2fc17e52a6a576d.jpg,False,duplicate,valid/Flea Allergy/aug_0_3008_jpeg_jpg.rf.05aad1328be3e390d44c704faf55bbd0.jpg,,-1,,200,120,
train/Flea Allergy/thumb-27-_jpg.rf.97d801ef932be19376b59dca59f2faba.jpg,Flea Allergy,thumb-27-_jpg.rf.97d801ef932be19376b59dca59f2faba.jpg,True,,,train,314,,150,200,
train/Flea Allergy/thumb-28-_jpg.rf.07871a0681b0c14b63ac07aa536d5d2a.jpg,Flea Allergy,thumb-28-_jpg.rf.07871a0681b0c14b63ac07aa536d5d2a.jpg,False,duplicate,train/Flea Allergy/Image_12-2-_jpg.rf.228f584fbc9b65733bcb20b382c876bf.jpg,,-1,,128,200,
train/Flea Allergy/thumb-28-_jpg.rf.93998d48e5cb687c483da279a6411ea7.jpg,Flea Allergy,thumb-28-_jpg.rf.93998d48e5cb687c483da279a6411ea7.jpg,False,duplicate,valid/Flea Allergy/aug_0_1103_jpeg.rf.5ce3c9eebae2ca8f0f5f08b0514fc233.jpg,,-1,,200,120,
train/Flea Allergy/thumb-29-_jpg.rf.0952e56fe4f8120d9e012d9ab0e2eccf.jpg,Flea Allergy,thumb-29-_jpg.rf.0952e56fe4f8120d9e012d9ab0e2eccf.jpg,True,,,train,315,,200,193,
train/Flea Allergy/thumb-29-_jpg.rf.b0980b7d855bd10607d65cf716ce81bc.jpg,Flea Allergy,thumb-29-_jpg.rf.b0980b7d855bd10607d65cf716ce81bc.jpg,True,,,train,316,,200,193,
train/Flea Allergy/thumb-3-_jpg.rf.a91209b797b29b88a38522d55a548b4b.jpg,Flea Allergy,thumb-3-_jpg.rf.a91209b797b29b88a38522d55a548b4b.jpg,False,duplicate,train/Flea Allergy/aug_0_9416_jpeg.rf.b7676eb31ba9a6a80b1cb24d81899ab7.jpg,,-1,,150,200,
train/Flea Allergy/thumb-30-_jpg.rf.15ab67e3841b9a444d7095bb7874a9b8.jpg,Flea Allergy,thumb-30-_jpg.rf.15ab67e3841b9a444d7095bb7874a9b8.jpg,True,,,val,317,,200,193,
train/Flea Allergy/thumb-31-_jpg.rf.9e970fadf3cf5942ea7f94b8da577cba.jpg,Flea Allergy,thumb-31-_jpg.rf.9e970fadf3cf5942ea7f94b8da577cba.jpg,True,,,train,318,,150,200,
train/Flea Allergy/thumb-32-_jpg.rf.04a5d6c675625ec00ad913ef84b89bb8.jpg,Flea Allergy,thumb-32-_jpg.rf.04a5d6c675625ec00ad913ef84b89bb8.jpg,False,duplicate,valid/Flea Allergy/aug_0_2779_jpeg.rf.d9b57a2d3ed11329669a11a89f5a7e80.jpg,,-1,,200,150,
train/Flea Allergy/thumb-32-_jpg.rf.5536a4c8042cda8512b8c2be0db50d95.jpg,Flea Allergy,thumb-32-_jpg.rf.5536a4c8042cda8512b8c2be0db50d95.jpg,False,duplicate,train/Flea Allergy/aug_0_5453_jpeg.rf.d0ca161c14d88a97a079a7192923a52c.jpg,,-1,,200,148,
train/Flea Allergy/thumb-33-_jpg.rf.b072468de2813252fcc1c126fc551e75.jpg,Flea Allergy,thumb-33-_jpg.rf.b072468de2813252fcc1c126fc551e75.jpg,False,duplicate,train/Flea Allergy/aug_0_2133_jpeg.rf.4211e5d977674d7dcd61b1bcf5cc27e5.jpg,,-1,,200,120,
train/Flea Allergy/thumb-33-_jpg.rf.bd8a6fc5c2412c54ce6bce75d0fa6831.jpg,Flea Allergy,thumb-33-_jpg.rf.bd8a6fc5c2412c54ce6bce75d0fa6831.jpg,True,,,train,319,,150,200,
train/Flea Allergy/thumb-34-_jpg.rf.e9d48b019dfb665583fbe049a90a300c.jpg,Flea Allergy,thumb-34-_jpg.rf.e9d48b019dfb665583fbe049a90a300c.jpg,False,duplicate,train/Flea Allergy/aug_0_7532_jpeg.rf.928f602592f8a65b4beb891a482abbe6.jpg,,-1,,200,120,
train/Flea Allergy/thumb-35-_jpg.rf.6a41df85e7759e34e6d1d98f02d578da.jpg,Flea Allergy,thumb-35-_jpg.rf.6a41df85e7759e34e6d1d98f02d578da.jpg,False,duplicate,train/Flea Allergy/Image_22-2-_jpg.rf.5da7b154cc0059b551e349e11b343a8b.jpg,,-1,,200,128,
train/Flea Allergy/thumb-35-_jpg.rf.7ae1ce65d80d9111756741e00b32ae91.jpg,Flea Allergy,thumb-35-_jpg.rf.7ae1ce65d80d9111756741e00b32ae91.jpg,True,,,train,320,,150,200,
train/Flea Allergy/thumb-36-_jpg.rf.485090fc70f4fbcf28994a55ccf3040e.jpg,Flea Allergy,thumb-36-_jpg.rf.485090fc70f4fbcf28994a55ccf3040e.jpg,False,duplicate,train/Flea Allergy/aug_0_3170_jpeg_jpg.rf.df39ac72df4b1f7a7fcb2984bb59aadd.jpg,,-1,,150,200,
train/Flea Allergy/thumb-36-_jpg.rf.6c67f096962d1e5b687367e28fd07548.jpg,Flea Allergy,thumb-36-_jpg.rf.6c67f096962d1e5b687367e28fd07548.jpg,True,,,train,321,,200,193,
train/Flea Allergy/thumb-37-_jpg.rf.280f018d2a00770aa6eeaa620865f3cd.jpg,Flea Allergy,thumb-37-_jpg.rf.280f018d2a00770aa6eeaa620865f3cd.jpg,True,,,val,322,,200,193,
train/Flea Allergy/thumb-37-_jpg.rf.3672f896b1ba332c9101deea4c3b80f4.jpg,Flea Allergy,thumb-37-_jpg.rf.3672f896b1ba332c9101deea4c3b80f4.jpg,True,,,train,323,,200,193,
train/Flea Allergy/thumb-39-_jpg.rf.399a2eb34e8614a2d25b209798a98233.jpg,Flea Allergy,thumb-39-_jpg.rf.399a2eb34e8614a2d25b209798a98233.jpg,False,duplicate,train/Flea Allergy/Image_14-2-_jpg.rf.b582ef69239e61939dfe8737f252673f.jpg,,-1,,200,134,
train/Flea Allergy/thumb-39-_jpg.rf.bee2cc90e979fc8a2dbe2ccf96a4e4a2.jpg,Flea Allergy,thumb-39-_jpg.rf.bee2cc90e979fc8a2dbe2ccf96a4e4a2.jpg,False,duplicate,train/Flea Allergy/aug_0_7089_jpeg.rf.d547ba4da8c3f78a33bd30e60b9455e4.jpg,,-1,,150,200,
train/Flea Allergy/thumb-4-_jpg.rf.864c24f01cc61549a9f9d686c4c5e441.jpg,Flea Allergy,thumb-4-_jpg.rf.864c24f01cc61549a9f9d686c4c5e441.jpg,False,duplicate,valid/Flea Allergy/aug_0_4851_jpeg.rf.5b88d652a05d92f1fe3336a901d4c994.jpg,,-1,,200,148,
train/Flea Allergy/thumb-40-_jpg.rf.ac0ad71813ca97abe283316c6440c56f.jpg,Flea Allergy,thumb-40-_jpg.rf.ac0ad71813ca97abe283316c6440c56f.jpg,False,duplicate,train/Flea Allergy/aug_0_2755_jpeg_jpg.rf.f32ad0b61710bf249ad50f570b58de1d.jpg,,-1,,200,150,
train/Flea Allergy/thumb-41-_jpg.rf.fccde85355bbb5e5aa6c14a1b94f00fd.jpg,Flea Allergy,thumb-41-_jpg.rf.fccde85355bbb5e5aa6c14a1b94f00fd.jpg,False,duplicate,test/Flea Allergy/aug_0_2329_jpeg_jpg.rf.dfe31eb925c17dba5279fffe033f217a.jpg,,-1,,150,200,
train/Flea Allergy/thumb-42-_jpg.rf.b30570c4e95f1819ed3083320dbb7133.jpg,Flea Allergy,thumb-42-_jpg.rf.b30570c4e95f1819ed3083320dbb7133.jpg,True,,,train,324,,150,200,
train/Flea Allergy/thumb-43-_jpg.rf.03257fe9e75d79b8db32284626d7c64c.jpg,Flea Allergy,thumb-43-_jpg.rf.03257fe9e75d79b8db32284626d7c64c.jpg,False,duplicate,train/Flea Allergy/aug_0_5050_jpeg.rf.25e29d8c9dd4bc202114cbb37b0a17d6.jpg,,-1,,200,148,
train/Flea Allergy/thumb-43-_jpg.rf.414867929729508d7dda1b8b4553d7a9.jpg,Flea Allergy,thumb-43-_jpg.rf.414867929729508d7dda1b8b4553d7a9.jpg,True,,,train,325,,200,154,
train/Flea Allergy/thumb-44-_jpg.rf.2a6558c25e1788ede786b83957314399.jpg,Flea Allergy,thumb-44-_jpg.rf.2a6558c25e1788ede786b83957314399.jpg,False,duplicate,test/Flea Allergy/aug_0_6170_jpeg_jpg.rf.583acbe03ea110723491f4361b75fbe1.jpg,,-1,,200,148,
train/Flea Allergy/thumb-44-_jpg.rf.eb0c92171a6205db8050de9f4afa9ea3.jpg,Flea Allergy,thumb-44-_jpg.rf.eb0c92171a6205db8050de9f4afa9ea3.jpg,True,,,train,326,,150,200,
train/Flea Allergy/thumb-45-_jpg.rf.a4a1655a5be37cc507a1348ad762eac4.jpg,Flea Allergy,thumb-45-_jpg.rf.a4a1655a5be37cc507a1348ad762eac4.jpg,False,duplicate,train/Flea Allergy/aug_0_5745_jpeg_jpg.rf.d2e5a6063af28458a56d3304938732e3.jpg,,-1,,200,120,
train/Flea Allergy/thumb-45-_jpg.rf.fbf11e50cbc623d0d68e63d7c974317e.jpg,Flea Allergy,thumb-45-_jpg.rf.fbf11e50cbc623d0d68e63d7c974317e.jpg,True,,,train,327,,200,193,
train/Flea Allergy/thumb-46-_jpg.rf.6f9a1eb30479e7c98f54d73ce360e363.jpg,Flea Allergy,thumb-46-_jpg.rf.6f9a1eb30479e7c98f54d73ce360e363.jpg,False,duplicate,train/Flea Allergy/aug_0_8205_jpeg.rf.72a02ac08f1021bab6e423bf85606542.jpg,,-1,,150,200,
train/Flea Allergy/thumb-46-_jpg.rf.e352fabb027d421846bfd90d98d2d02b.jpg,Flea Allergy,thumb-46-_jpg.rf.e352fabb027d421846bfd90d98d2d02b.jpg,False,duplicate,train/Flea Allergy/aug_0_7473_jpeg_jpg.rf.ea37ef1e400773e533139682962d4435.jpg,,-1,,200,148,
train/Flea Allergy/thumb-47-_jpg.rf.88ad4ed4baf61c0d74ae9411e0d85560.jpg,Flea Allergy,thumb-47-_jpg.rf.88ad4ed4baf61c0d74ae9411e0d85560.jpg,True,,,train,328,,150,200,
train/Flea Allergy/thumb-47-_jpg.rf.c7c27478c84e22559d5499ff0fd79d69.jpg,Flea Allergy,thumb-47-_jpg.rf.c7c27478c84e22559d5499ff0fd79d69.jpg,True,,,train,329,,200,148,small image (<150 px)
train/Flea Allergy/thumb-48-_jpg.rf.29f0eed9fb0485f00120c0e8d65f74de.jpg,Flea Allergy,thumb-48-_jpg.rf.29f0eed9fb0485f00120c0e8d65f74de.jpg,True,,,test,330,,150,200,
train/Flea Allergy/thumb-49-_jpg.rf.3f16a277b1022f0ff9c6e2528439ad6c.jpg,Flea Allergy,thumb-49-_jpg.rf.3f16a277b1022f0ff9c6e2528439ad6c.jpg,True,,,train,331,,200,133,small image (<150 px)
train/Flea Allergy/thumb-5-_jpg.rf.0ca22e7731d2d1b3ae92eb78356ba82a.jpg,Flea Allergy,thumb-5-_jpg.rf.0ca22e7731d2d1b3ae92eb78356ba82a.jpg,True,,,train,332,,150,200,
train/Flea Allergy/thumb-5-_jpg.rf.d9fa9509cb8f044a8a24b8c9322efe8c.jpg,Flea Allergy,thumb-5-_jpg.rf.d9fa9509cb8f044a8a24b8c9322efe8c.jpg,False,duplicate,train/Flea Allergy/aug_0_342_jpeg_jpg.rf.0495bfae8608e175eb738ddf0c41b6bb.jpg,,-1,,200,148,
train/Flea Allergy/thumb-6-_jpg.rf.0efbd0d8c337e681f4d3b1bf38c40f1a.jpg,Flea Allergy,thumb-6-_jpg.rf.0efbd0d8c337e681f4d3b1bf38c40f1a.jpg,True,,,train,333,,150,200,
train/Flea Allergy/thumb-6-_jpg.rf.5526f7fa7a1acb477f295cf1e23a03f2.jpg,Flea Allergy,thumb-6-_jpg.rf.5526f7fa7a1acb477f295cf1e23a03f2.jpg,False,duplicate,train/Flea Allergy/aug_0_2973_jpeg.rf.bc1ccaf7fbf306a16dfa3d9046709a7e.jpg,,-1,,150,200,
train/Flea Allergy/thumb-7-_jpg.rf.309edecf8188dba98766d61d25046e2e.jpg,Flea Allergy,thumb-7-_jpg.rf.309edecf8188dba98766d61d25046e2e.jpg,False,duplicate,test/Flea Allergy/Image_68-2-_jpg.rf.00b3f030722209fc56dd3e811e34993f.jpg,,-1,,97,200,
train/Flea Allergy/thumb-7-_jpg.rf.fe0f31dce1a92f50b2faea8ef8eb6666.jpg,Flea Allergy,thumb-7-_jpg.rf.fe0f31dce1a92f50b2faea8ef8eb6666.jpg,False,duplicate,train/Flea Allergy/aug_0_4493_jpeg.rf.3c6103a2d6ea089d83b0eee3d881b8e4.jpg,,-1,,200,148,
train/Flea Allergy/thumb-8-_jpg.rf.54088308cdd87f96b8b52e2498eaa2b1.jpg,Flea Allergy,thumb-8-_jpg.rf.54088308cdd87f96b8b52e2498eaa2b1.jpg,True,,,train,334,,150,200,
train/Flea Allergy/thumb-9-_jpg.rf.bf6c30cc63022732217ceadaa35e6952.jpg,Flea Allergy,thumb-9-_jpg.rf.bf6c30cc63022732217ceadaa35e6952.jpg,False,duplicate,train/Flea Allergy/Image_6_png.rf.1ea079c04411a715cfb82f78b90234ed.jpg,,-1,,200,132,
train/Flea Allergy/thumb-_jpg.rf.f6644525a0e1756ed1e49825c249ff78.jpg,Flea Allergy,thumb-_jpg.rf.f6644525a0e1756ed1e49825c249ff78.jpg,False,duplicate,train/Flea Allergy/aug_0_4104_jpeg_jpg.rf.993b057e2c000b6853ae92094503805c.jpg,,-1,,200,150,
train/Health/0004-a7aUsff9O5k_jpg.rf.1d64fca1ea59a96b66d1b7849ce0e590.jpg,Health,0004-a7aUsff9O5k_jpg.rf.1d64fca1ea59a96b66d1b7849ce0e590.jpg,True,,,train,335,,640,640,
train/Health/0004-a7aUsff9O5k_jpg.rf.ad4e6d85a463d5ed1ac2cd46d6d04455.jpg,Health,0004-a7aUsff9O5k_jpg.rf.ad4e6d85a463d5ed1ac2cd46d6d04455.jpg,True,,,test,336,,640,640,
train/Health/0012-Zg5-63ZY_f0_jpg.rf.05ca19f5004d5282ee6fe5dd46f8197d.jpg,Health,0012-Zg5-63ZY_f0_jpg.rf.05ca19f5004d5282ee6fe5dd46f8197d.jpg,True,,,val,337,,640,640,
train/Health/0050-q-V23Q0lOkg_jpg.rf.7804824c4786a0345cf31f1cb3ba8c40.jpg,Health,0050-q-V23Q0lOkg_jpg.rf.7804824c4786a0345cf31f1cb3ba8c40.jpg,True,,,train,338,,640,640,
train/Health/0062-mhmp3ymlr0k_jpg.rf.c28d8c574fb3eb60657851f640c96350.jpg,Health,0062-mhmp3ymlr0k_jpg.rf.c28d8c574fb3eb60657851f640c96350.jpg,True,,,train,339,,640,640,
train/Health/0067-5lItam5zCPc_jpg.rf.17d14698f4e9dbf281f8cd9657d37cb4.jpg,Health,0067-5lItam5zCPc_jpg.rf.17d14698f4e9dbf281f8cd9657d37cb4.jpg,True,,,val,340,,640,640,
train/Health/0068-bdqT3-g2rks_jpg.rf.43de1e1d62ce69dd944b285a2c9371ac.jpg,Health,0068-bdqT3-g2rks_jpg.rf.43de1e1d62ce69dd944b285a2c9371ac.jpg,True,,,train,341,,640,640,
train/Health/0072-vUbsU6RZ1qE_jpg.rf.7467354de3cf12836aca49e2c676472d.jpg,Health,0072-vUbsU6RZ1qE_jpg.rf.7467354de3cf12836aca49e2c676472d.jpg,True,,,train,342,,640,640,
train/Health/0081-Ejqii9Q6dPI_jpg.rf.9c2c8588bbe29de09e36f454d61b0fc4.jpg,Health,0081-Ejqii9Q6dPI_jpg.rf.9c2c8588bbe29de09e36f454d61b0fc4.jpg,True,,,train,343,,640,640,
train/Health/0208-Jw7gaROGLig_jpg.rf.be5b450cb74f3b41a660ee49056f5f0b.jpg,Health,0208-Jw7gaROGLig_jpg.rf.be5b450cb74f3b41a660ee49056f5f0b.jpg,True,,,train,344,,640,640,
train/Health/0424-Q64SQDVtEqM_jpg.rf.7237874dc475adda214dc66388340658.jpg,Health,0424-Q64SQDVtEqM_jpg.rf.7237874dc475adda214dc66388340658.jpg,True,,,val,345,,640,640,
train/Health/0445-AyyKrB2BlU8_jpg.rf.8f0811295cb180478b3c69d191f74583.jpg,Health,0445-AyyKrB2BlU8_jpg.rf.8f0811295cb180478b3c69d191f74583.jpg,True,,,val,346,,640,640,
train/Health/0447-8lj58-Px0TU_jpg.rf.54a14c2a4bacddcecdf048507aefb663.jpg,Health,0447-8lj58-Px0TU_jpg.rf.54a14c2a4bacddcecdf048507aefb663.jpg,True,,,train,347,,640,640,
train/Health/04ab5725b230e3d3e76031f9cf1c95f9_jpg.rf.6c768d35376c59e48867c604512e2cd7.jpg,Health,04ab5725b230e3d3e76031f9cf1c95f9_jpg.rf.6c768d35376c59e48867c604512e2cd7.jpg,True,,,train,348,,640,640,
train/Health/0502-xxdTZFljIfw_jpg.rf.a6ac1347b81bfe76506f83fc7f18a402.jpg,Health,0502-xxdTZFljIfw_jpg.rf.a6ac1347b81bfe76506f83fc7f18a402.jpg,True,,,train,349,,640,640,
train/Health/0537-c6jEQZW2NOM_jpg.rf.c3ea0e85966ef970d558ff10273859da.jpg,Health,0537-c6jEQZW2NOM_jpg.rf.c3ea0e85966ef970d558ff10273859da.jpg,True,,,train,350,,640,640,
train/Health/0567-85oWUFWKez8_jpg.rf.0634b2900bba46f7192806e4315df42f.jpg,Health,0567-85oWUFWKez8_jpg.rf.0634b2900bba46f7192806e4315df42f.jpg,True,,,val,351,,640,640,
train/Health/0567-85oWUFWKez8_jpg.rf.cd1c989ba4f89af71f264f61674d9429.jpg,Health,0567-85oWUFWKez8_jpg.rf.cd1c989ba4f89af71f264f61674d9429.jpg,True,,,train,352,,640,640,
train/Health/0611-mHP1sTk2yAg_jpg.rf.c49fac2280aa27977bffdc23d2647f20.jpg,Health,0611-mHP1sTk2yAg_jpg.rf.c49fac2280aa27977bffdc23d2647f20.jpg,True,,,train,353,,640,640,
train/Health/0624-I8hYu24qC5I_jpg.rf.2717b949f89af3548169a463adbc09d7.jpg,Health,0624-I8hYu24qC5I_jpg.rf.2717b949f89af3548169a463adbc09d7.jpg,True,,,train,354,,640,640,
train/Health/0626-Wtqc78zzq3I_jpg.rf.44ff70117a07fc164930ab38dffe44a1.jpg,Health,0626-Wtqc78zzq3I_jpg.rf.44ff70117a07fc164930ab38dffe44a1.jpg,True,,,val,355,,640,640,
train/Health/0658-6XF5w5wcN_g_jpg.rf.f3c91566ce846321358ff081b1e0b0ab.jpg,Health,0658-6XF5w5wcN_g_jpg.rf.f3c91566ce846321358ff081b1e0b0ab.jpg,True,,,train,356,,640,640,
train/Health/0666-AgEERrPtLgA_jpg.rf.a12d34ba67ba863fa0aa82c32d0e29d6.jpg,Health,0666-AgEERrPtLgA_jpg.rf.a12d34ba67ba863fa0aa82c32d0e29d6.jpg,True,,,train,357,,640,640,
train/Health/0674-sBoCWJLs8uY_jpg.rf.989ddd87af2653192209e3ae6fe14818.jpg,Health,0674-sBoCWJLs8uY_jpg.rf.989ddd87af2653192209e3ae6fe14818.jpg,True,,,test,358,,640,640,
train/Health/0692-UyBg3AnJtBU_jpg.rf.623f3498270ad20c82172abe5777ccef.jpg,Health,0692-UyBg3AnJtBU_jpg.rf.623f3498270ad20c82172abe5777ccef.jpg,True,,,test,359,,640,640,
train/Health/0710-Lc2lnNHUqP8_jpg.rf.39005a53dd49ba4cd292f32d9a271618.jpg,Health,0710-Lc2lnNHUqP8_jpg.rf.39005a53dd49ba4cd292f32d9a271618.jpg,True,,,train,360,,640,640,
train/Health/0716-kSZXp5_fltQ_jpg.rf.4122790fc6514b74c604f41baf1fc2d9.jpg,Health,0716-kSZXp5_fltQ_jpg.rf.4122790fc6514b74c604f41baf1fc2d9.jpg,True,,,val,361,,640,640,
train/Health/0717-9MuSp4pGMWY_jpg.rf.377c32e8959d5b52998a115153e23d33.jpg,Health,0717-9MuSp4pGMWY_jpg.rf.377c32e8959d5b52998a115153e23d33.jpg,True,,,test,362,,640,640,
train/Health/0768-AVmcu7Jqr8_jpg.rf.0f550202e0980c8e308ebf5b12479131.jpg,Health,0768-AVmcu7Jqr8_jpg.rf.0f550202e0980c8e308ebf5b12479131.jpg,True,,,test,363,,640,640,
train/Health/0768-AVmcu7Jqr8_jpg.rf.310a0a720efcea76d28374519c9d2e03.jpg,Health,0768-AVmcu7Jqr8_jpg.rf.310a0a720efcea76d28374519c9d2e03.jpg,True,,,train,364,,640,640,
train/Health/0768-AVmcu7Jqr8_jpg.rf.528d5b1f0a5c73076d435f4923cf4cd4.jpg,Health,0768-AVmcu7Jqr8_jpg.rf.528d5b1f0a5c73076d435f4923cf4cd4.jpg,False,duplicate,train/Health/0768-AVmcu7Jqr8_jpg.rf.310a0a720efcea76d28374519c9d2e03.jpg,,-1,,640,640,
train/Health/0770-CtmcsbfWZLY_jpg.rf.c45f3ae598aa39c517c2dcb46c853864.jpg,Health,0770-CtmcsbfWZLY_jpg.rf.c45f3ae598aa39c517c2dcb46c853864.jpg,True,,,train,365,,640,640,
train/Health/0770-CtmcsbfWZLY_jpg.rf.e80d2933cc1dcf5cab4d22af87371bff.jpg,Health,0770-CtmcsbfWZLY_jpg.rf.e80d2933cc1dcf5cab4d22af87371bff.jpg,True,,,train,366,,640,640,
train/Health/0777-PixFVQ9TE9s_jpg.rf.ffe312aece8fc27cd3257a6be630526d.jpg,Health,0777-PixFVQ9TE9s_jpg.rf.ffe312aece8fc27cd3257a6be630526d.jpg,True,,,train,367,,640,640,
train/Health/0873-diRExH62UgQ_jpg.rf.0b2cf553a92f7fec559b5d9639318568.jpg,Health,0873-diRExH62UgQ_jpg.rf.0b2cf553a92f7fec559b5d9639318568.jpg,True,,,val,368,,640,640,
train/Health/0bc984c93228017f4727e0c852126f7d_jpg.rf.1a5d6e896d152feff3f03478ef2cab84.jpg,Health,0bc984c93228017f4727e0c852126f7d_jpg.rf.1a5d6e896d152feff3f03478ef2cab84.jpg,True,,,test,369,,640,640,
train/Health/0f210d552b92c7204442138de5151b55_jpg.rf.21e8f34de8971bbf31bc7cb4237be3c7.jpg,Health,0f210d552b92c7204442138de5151b55_jpg.rf.21e8f34de8971bbf31bc7cb4237be3c7.jpg,True,,,train,370,,640,640,
train/Health/1030_ykprNtnrzg_jpg.rf.1c8145e19185e71b72eb683f8d7f2ae5.jpg,Health,1030_ykprNtnrzg_jpg.rf.1c8145e19185e71b72eb683f8d7f2ae5.jpg,True,,,train,371,,640,640,
train/Health/1030_ykprNtnrzg_jpg.rf.7bb6d2f5cfeef3b23f896b34ed2f8637.jpg,Health,1030_ykprNtnrzg_jpg.rf.7bb6d2f5cfeef3b23f896b34ed2f8637.jpg,True,,,test,372,,640,640,
train/Health/1065-BTV0XTL8r2M_jpg.rf.af7074ea1e6030317279b8f63b6640ad.jpg,Health,1065-BTV0XTL8r2M_jpg.rf.af7074ea1e6030317279b8f63b6640ad.jpg,True,,,train,373,,640,640,
train/Health/1065-BTV0XTL8r2M_jpg.rf.f076eeb2e0bf6ee98b5b80e84a79a954.jpg,Health,1065-BTV0XTL8r2M_jpg.rf.f076eeb2e0bf6ee98b5b80e84a79a954.jpg,True,,,train,374,,640,640,
train/Health/1084-W9waicpPppI_jpg.rf.6f8d09e4fd8639d91bce9524198e8379.jpg,Health,1084-W9waicpPppI_jpg.rf.6f8d09e4fd8639d91bce9524198e8379.jpg,True,,,train,375,,640,640,
train/Health/1101-WMH1xzEznuY_jpg.rf.7eea5c3cab2574da3f1ad2d2adbf242a.jpg,Health,1101-WMH1xzEznuY_jpg.rf.7eea5c3cab2574da3f1ad2d2adbf242a.jpg,True,,,train,376,,640,640,
train/Health/1130-IVpGPmFrZgs_jpg.rf.13ec3defffc285ce47b1dada31ee525a.jpg,Health,1130-IVpGPmFrZgs_jpg.rf.13ec3defffc285ce47b1dada31ee525a.jpg,True,,,train,377,,640,640,
train/Health/1130-IVpGPmFrZgs_jpg.rf.741fb97a901c0ef10808b8d525c80131.jpg,Health,1130-IVpGPmFrZgs_jpg.rf.741fb97a901c0ef10808b8d525c80131.jpg,True,,,test,378,,640,640,
train/Health/1137-3J_oYC8fPvI_jpg.rf.d6648daca6eb2ebcd6ba2092dc6062e9.jpg,Health,1137-3J_oYC8fPvI_jpg.rf.d6648daca6eb2ebcd6ba2092dc6062e9.jpg,True,,,train,379,,640,640,
train/Health/1139-ZTx9fYs4VUk_jpg.rf.34250d4e0f53ee5a4ae84463a8288b32.jpg,Health,1139-ZTx9fYs4VUk_jpg.rf.34250d4e0f53ee5a4ae84463a8288b32.jpg,True,,,train,380,,640,640,
train/Health/1139-ZTx9fYs4VUk_jpg.rf.9970b2820cfebd9be3b491c21f3ae109.jpg,Health,1139-ZTx9fYs4VUk_jpg.rf.9970b2820cfebd9be3b491c21f3ae109.jpg,True,,,train,381,,640,640,
train/Health/1159-oSNxTbiOGPs_jpg.rf.05a034e31de830e9cb2bb52ce7e45dbb.jpg,Health,1159-oSNxTbiOGPs_jpg.rf.05a034e31de830e9cb2bb52ce7e45dbb.jpg,True,,,train,382,,640,640,
train/Health/1181-xl6lWeHCXxo_jpg.rf.3b80474f45eb73dbbe433ae84ec5f6ce.jpg,Health,1181-xl6lWeHCXxo_jpg.rf.3b80474f45eb73dbbe433ae84ec5f6ce.jpg,True,,,train,383,,640,640,
train/Health/1181-xl6lWeHCXxo_jpg.rf.7f09fff7312aa4d9b2bbfa1b313d17d5.jpg,Health,1181-xl6lWeHCXxo_jpg.rf.7f09fff7312aa4d9b2bbfa1b313d17d5.jpg,True,,,train,384,,640,640,
train/Health/1205-3h_tdwofZyE_jpg.rf.c226124a41fb72f4810369ccb34bead2.jpg,Health,1205-3h_tdwofZyE_jpg.rf.c226124a41fb72f4810369ccb34bead2.jpg,True,,,train,385,,640,640,
train/Health/1299-42enLcmtxQg_jpg.rf.bec2a3c336ea99ce83f5a54c3bdef208.jpg,Health,1299-42enLcmtxQg_jpg.rf.bec2a3c336ea99ce83f5a54c3bdef208.jpg,True,,,train,386,,640,640,
train/Health/1336-zKzpnJjgxj8_jpg.rf.dc93301bb37c93492ef36449f72c589f.jpg,Health,1336-zKzpnJjgxj8_jpg.rf.dc93301bb37c93492ef36449f72c589f.jpg,True,,,train,387,,640,640,
train/Health/1354-9eDYQ1fX1hk_jpg.rf.5770f88062aff74defa6932b204f927c.jpg,Health,1354-9eDYQ1fX1hk_jpg.rf.5770f88062aff74defa6932b204f927c.jpg,True,,,train,388,,640,640,
train/Health/1365-GgrogpaN48w_jpg.rf.b482f9392f04131f9e981420e15b6dc5.jpg,Health,1365-GgrogpaN48w_jpg.rf.b482f9392f04131f9e981420e15b6dc5.jpg,True,,,test,389,,640,640,
train/Health/1377-QvqfyLHM6GM_jpg.rf.15de111a6a8abc61d9149eb1adb7f166.jpg,Health,1377-QvqfyLHM6GM_jpg.rf.15de111a6a8abc61d9149eb1adb7f166.jpg,True,,,train,390,,640,640,
train/Health/1381-XBXb4WKj_dY_jpg.rf.26447ba8c3551f264bef84e77197ee3d.jpg,Health,1381-XBXb4WKj_dY_jpg.rf.26447ba8c3551f264bef84e77197ee3d.jpg,True,,,train,391,,640,640,
train/Health/1391-sDlvKTZhNVM_jpg.rf.056971530e9a3db080c5217d9ce1f473.jpg,Health,1391-sDlvKTZhNVM_jpg.rf.056971530e9a3db080c5217d9ce1f473.jpg,True,,,test,392,,640,640,
train/Health/1421-Xu4q19OQZIU_jpg.rf.8aa38876a0530b9b0cdf79be7c0910b2.jpg,Health,1421-Xu4q19OQZIU_jpg.rf.8aa38876a0530b9b0cdf79be7c0910b2.jpg,True,,,val,393,,640,640,
train/Health/1481-fkTRkmVShJo_jpg.rf.803954246e9959b9ff13dbd2614d1ccb.jpg,Health,1481-fkTRkmVShJo_jpg.rf.803954246e9959b9ff13dbd2614d1ccb.jpg,True,,,train,394,,640,640,
train/Health/1495-VJiD_y4uTbw_jpg.rf.6b321ef46daf180fefc0d40569a89293.jpg,Health,1495-VJiD_y4uTbw_jpg.rf.6b321ef46daf180fefc0d40569a89293.jpg,True,,,train,395,,640,640,
train/Health/1538-jDY-V52FMkU_jpg.rf.f6c04d3c77226ac553527793396cb231.jpg,Health,1538-jDY-V52FMkU_jpg.rf.f6c04d3c77226ac553527793396cb231.jpg,True,,,test,396,,640,640,
train/Health/1547-5Gxvyyj3m-w_jpg.rf.d5e26af537c8c96963be7021f07dd2bd.jpg,Health,1547-5Gxvyyj3m-w_jpg.rf.d5e26af537c8c96963be7021f07dd2bd.jpg,True,,,train,397,,640,640,
train/Health/1561-rlgeWm3U5I8_jpg.rf.acd91a85aa292072389a9641ee3fb2e0.jpg,Health,1561-rlgeWm3U5I8_jpg.rf.acd91a85aa292072389a9641ee3fb2e0.jpg,True,,,train,398,,640,640,
train/Health/1588-zxKZf4429yI_jpg.rf.3b234096e4b4b026696c4b72134786a8.jpg,Health,1588-zxKZf4429yI_jpg.rf.3b234096e4b4b026696c4b72134786a8.jpg,True,,,train,399,,640,640,
train/Health/1588-zxKZf4429yI_jpg.rf.a64c2fe84e215b84cf96c0d97a069dac.jpg,Health,1588-zxKZf4429yI_jpg.rf.a64c2fe84e215b84cf96c0d97a069dac.jpg,True,,,train,400,,640,640,
train/Health/1600-jmRuaCphygw_jpg.rf.5cee6d69ae5cd6505aa9bbb139ae99a4.jpg,Health,1600-jmRuaCphygw_jpg.rf.5cee6d69ae5cd6505aa9bbb139ae99a4.jpg,True,,,train,401,,640,640,
train/Health/1602-0WD1QeHM-o0_jpg.rf.296de1d149ba7f806b36677dc12047e6.jpg,Health,1602-0WD1QeHM-o0_jpg.rf.296de1d149ba7f806b36677dc12047e6.jpg,True,,,train,402,,640,640,
train/Health/1609-3vtS11IsSU0_jpg.rf.b29718de573c8fec9b6960d4cf1c2415.jpg,Health,1609-3vtS11IsSU0_jpg.rf.b29718de573c8fec9b6960d4cf1c2415.jpg,True,,,train,403,,640,640,
train/Health/1614-7xSWybUM7l0_jpg.rf.b4e4dc569cfffa07535195384a1e5ec6.jpg,Health,1614-7xSWybUM7l0_jpg.rf.b4e4dc569cfffa07535195384a1e5ec6.jpg,True,,,val,404,,640,640,
train/Health/1696-BWDKugpKq64_jpg.rf.aef041b948b95e651441c814cc6929ab.jpg,Health,1696-BWDKugpKq64_jpg.rf.aef041b948b95e651441c814cc6929ab.jpg,True,,,test,405,,640,640,
train/Health/1718-MqXWogtgq18_jpg.rf.643d28a80fa227d75a57a9e9543631e1.jpg,Health,1718-MqXWogtgq18_jpg.rf.643d28a80fa227d75a57a9e9543631e1.jpg,True,,,val,406,,640,640,
train/Health/1753-RVDosen40Bg_jpg.rf.99ed16c8492ff092b530ac1861af8a6b.jpg,Health,1753-RVDosen40Bg_jpg.rf.99ed16c8492ff092b530ac1861af8a6b.jpg,True,,,test,407,,640,640,
train/Health/1774-a3-hwa3FvfQ_jpg.rf.8151bd8d95882f03a0d3ebc67f299460.jpg,Health,1774-a3-hwa3FvfQ_jpg.rf.8151bd8d95882f03a0d3ebc67f299460.jpg,True,,,train,408,,640,640,
train/Health/1836-UH6jun2MyNU_jpg.rf.706e42aaf8a4a5a30d45de476b22daa2.jpg,Health,1836-UH6jun2MyNU_jpg.rf.706e42aaf8a4a5a30d45de476b22daa2.jpg,True,,,train,409,,640,640,
train/Health/1924-fyo7Kl4bfig_jpg.rf.58478d8167eb2a171ea94f301bc5a9d6.jpg,Health,1924-fyo7Kl4bfig_jpg.rf.58478d8167eb2a171ea94f301bc5a9d6.jpg,True,,,train,410,,640,640,
train/Health/1e161cf3433aee7231b8b56333127e5c_jpg.rf.e2e5e2f522fa200c3e0666037d55856c.jpg,Health,1e161cf3433aee7231b8b56333127e5c_jpg.rf.e2e5e2f522fa200c3e0666037d55856c.jpg,True,,,train,411,,640,640,
train/Health/20d4646247bd7033d6d76f64566f0052_jpg.rf.10dea06c75b326a91a85bd167971a4df.jpg,Health,20d4646247bd7033d6d76f64566f0052_jpg.rf.10dea06c75b326a91a85bd167971a4df.jpg,True,,,train,412,,640,640,
train/Health/2155-Lyyc2NGmz4c_jpg.rf.20ca5d7f031cefcbf3ecb2c008f8aa42.jpg,Health,2155-Lyyc2NGmz4c_jpg.rf.20ca5d7f031cefcbf3ecb2c008f8aa42.jpg,True,,,train,413,,640,640,
train/Health/2177-ZT0jLxf1GMs_jpg.rf.35eb9feb37bb23b840105bee06fdf819.jpg,Health,2177-ZT0jLxf1GMs_jpg.rf.35eb9feb37bb23b840105bee06fdf819.jpg,True,,,train,414,,640,640,
train/Health/26da1f8b744ccff35a3cba4026407b9d_jpg.rf.553f7056d867cee70e8a93ff3231f9c5.jpg,Health,26da1f8b744ccff35a3cba4026407b9d_jpg.rf.553f7056d867cee70e8a93ff3231f9c5.jpg,True,,,val,415,,640,640,
train/Health/2c85e63346ca13e1e1b1e54c92340a89_jpg.rf.b79e5b9754036feb6f7f1f7d305de29a.jpg,Health,2c85e63346ca13e1e1b1e54c92340a89_jpg.rf.b79e5b9754036feb6f7f1f7d305de29a.jpg,True,,,train,416,,640,640,
train/Health/2fc10b855b8df21d7fd215521728b577_jpg.rf.cbfc8e73f854595a7c2e4d2fea18147a.jpg,Health,2fc10b855b8df21d7fd215521728b577_jpg.rf.cbfc8e73f854595a7c2e4d2fea18147a.jpg,True,,,train,417,,640,640,
train/Health/2T7OkT9RmTY_jpg.rf.62c81a6d68b2aeeb12def52895ae7b8a.jpg,Health,2T7OkT9RmTY_jpg.rf.62c81a6d68b2aeeb12def52895ae7b8a.jpg,True,,,train,418,,640,640,
train/Health/3050-P0B0_MFtvTs_jpg.rf.5a3f6bf9c6973a03a79642f00927d1f0.jpg,Health,3050-P0B0_MFtvTs_jpg.rf.5a3f6bf9c6973a03a79642f00927d1f0.jpg,True,,,val,419,,640,640,
train/Health/3108-uvG-KYvlZFo_jpg.rf.6488bda64a8b2753c9a7e1f9e478fb05.jpg,Health,3108-uvG-KYvlZFo_jpg.rf.6488bda64a8b2753c9a7e1f9e478fb05.jpg,True,,,train,420,,640,640,
train/Health/3109-LDREJLa_icM_jpg.rf.0c8c375f81180d45b1682873557b2222.jpg,Health,3109-LDREJLa_icM_jpg.rf.0c8c375f81180d45b1682873557b2222.jpg,True,,,val,421,,640,640,
train/Health/3114-rl9BwBQJv9U_jpg.rf.656ea30e9ebe3defee12f23968622a4a.jpg,Health,3114-rl9BwBQJv9U_jpg.rf.656ea30e9ebe3defee12f23968622a4a.jpg,True,,,train,422,,640,640,
train/Health/3166-cJmIHwjLsIM_jpg.rf.a1d6003ff46c4876da25e5525c723b91.jpg,Health,3166-cJmIHwjLsIM_jpg.rf.a1d6003ff46c4876da25e5525c723b91.jpg,True,,,train,423,,640,640,
train/Health/3177-uaCap9HgRbM_jpg.rf.a4552a6f219f7849ea0a1c2a3219987e.jpg,Health,3177-uaCap9HgRbM_jpg.rf.a4552a6f219f7849ea0a1c2a3219987e.jpg,True,,,train,424,,640,640,
train/Health/3177-uaCap9HgRbM_jpg.rf.bc18ac8680607ed350f6357f277f1deb.jpg,Health,3177-uaCap9HgRbM_jpg.rf.bc18ac8680607ed350f6357f277f1deb.jpg,True,,,test,425,,640,640,
train/Health/317HcKXUPVs_jpg.rf.7b907a4778795e46d11b8e9510134fdf.jpg,Health,317HcKXUPVs_jpg.rf.7b907a4778795e46d11b8e9510134fdf.jpg,True,,,train,426,,640,640,
train/Health/3211-5L5crTsCpqg_jpg.rf.e807fc95677ed936b7dfa325082d3872.jpg,Health,3211-5L5crTsCpqg_jpg.rf.e807fc95677ed936b7dfa325082d3872.jpg,True,,,train,427,,640,640,
train/Health/3274-1ynq-hjl_1M_jpg.rf.72d5fe291b6f25eccb6a82a7958cfb8c.jpg,Health,3274-1ynq-hjl_1M_jpg.rf.72d5fe291b6f25eccb6a82a7958cfb8c.jpg,True,,,train,428,,640,640,
train/Health/38f9cde113502f28c513e4f93223e86f_jpg.rf.b99920ea1e3fc081be968def907450d7.jpg,Health,38f9cde113502f28c513e4f93223e86f_jpg.rf.b99920ea1e3fc081be968def907450d7.jpg,True,,,test,429,,640,640,
train/Health/3d1bc6285ea03f59e6aecefce1424aaf_jpg.rf.b6ff8e8d529be2ad646f89067d594d5b.jpg,Health,3d1bc6285ea03f59e6aecefce1424aaf_jpg.rf.b6ff8e8d529be2ad646f89067d594d5b.jpg,True,,,test,430,,640,640,
train/Health/3da195d0e61b1dfe670f7170de1ff582_jpg.rf.9b05d2e1faf3555f29bf323903e9869a.jpg,Health,3da195d0e61b1dfe670f7170de1ff582_jpg.rf.9b05d2e1faf3555f29bf323903e9869a.jpg,True,,,train,431,,640,640,
train/Health/40ab8a1be541621bb21685d24406ab26_jpg.rf.ecf2f2f3b8992619a36e6f560ac6eba4.jpg,Health,40ab8a1be541621bb21685d24406ab26_jpg.rf.ecf2f2f3b8992619a36e6f560ac6eba4.jpg,True,,,test,432,,640,640,
train/Health/4b2234a47e698f2f38dfef71285ecf3a_jpg.rf.63a2fef672f53e9cdd379c4028eaf5d6.jpg,Health,4b2234a47e698f2f38dfef71285ecf3a_jpg.rf.63a2fef672f53e9cdd379c4028eaf5d6.jpg,True,,,train,433,,640,640,
train/Health/4bc679ccb5f1bb621167110f74ecc7cc_jpg.rf.de150019bae860cb2862b1649ef4a7bc.jpg,Health,4bc679ccb5f1bb621167110f74ecc7cc_jpg.rf.de150019bae860cb2862b1649ef4a7bc.jpg,True,,,train,434,,640,640,
train/Health/50e4663e7cad6e71a18dd978c478590d_jpg.rf.de45c70096df0ec7b0b7d378eac680e9.jpg,Health,50e4663e7cad6e71a18dd978c478590d_jpg.rf.de45c70096df0ec7b0b7d378eac680e9.jpg,True,,,train,435,,640,640,
train/Health/56ec96192c803dbcb139a1f127f70aa8_jpg.rf.b1d154dcf28205e907716317c61a0424.jpg,Health,56ec96192c803dbcb139a1f127f70aa8_jpg.rf.b1d154dcf28205e907716317c61a0424.jpg,True,,,train,436,,640,640,
train/Health/5dbc4611b7ac89b97ad5ba2ea5b135a5_jpg.rf.ddf4a922de846e18fefc1068d447863c.jpg,Health,5dbc4611b7ac89b97ad5ba2ea5b135a5_jpg.rf.ddf4a922de846e18fefc1068d447863c.jpg,True,,,train,437,,640,640,
train/Health/5ef74787ad831a21f06d8ceed8e52ac7_jpg.rf.fb758d3a876808830034616ce54a30ab.jpg,Health,5ef74787ad831a21f06d8ceed8e52ac7_jpg.rf.fb758d3a876808830034616ce54a30ab.jpg,True,,,train,438,,640,640,
train/Health/6a4cf74fbd8d1b48755f31aeffed91c9_jpg.rf.aedddf38d5897b7cf2d3011034e18d86.jpg,Health,6a4cf74fbd8d1b48755f31aeffed91c9_jpg.rf.aedddf38d5897b7cf2d3011034e18d86.jpg,True,,,test,439,,640,640,
train/Health/6ff22b4fdacac179f2d239629c06541e_jpg.rf.258f7fcd40fc45d71e72c8f827d79326.jpg,Health,6ff22b4fdacac179f2d239629c06541e_jpg.rf.258f7fcd40fc45d71e72c8f827d79326.jpg,True,,,train,440,,640,640,
train/Health/8c9130046d4b6d8c692d51252ba5e662_jpg.rf.c0d6b15bedadb0e194b652873af05459.jpg,Health,8c9130046d4b6d8c692d51252ba5e662_jpg.rf.c0d6b15bedadb0e194b652873af05459.jpg,True,,,train,441,,640,640,
train/Health/99cf57fdf0371ddc1ef01ee714182e0b_jpg.rf.f03bd14ee51a73c319725d98bea1f4f6.jpg,Health,99cf57fdf0371ddc1ef01ee714182e0b_jpg.rf.f03bd14ee51a73c319725d98bea1f4f6.jpg,True,,,train,442,,640,640,
train/Health/9d1f14e8fa8d5439b8e2b805c486bfe4_jpg.rf.b2401510270e411f29ae46d5b9018756.jpg,Health,9d1f14e8fa8d5439b8e2b805c486bfe4_jpg.rf.b2401510270e411f29ae46d5b9018756.jpg,True,,,train,443,,640,640,
train/Health/b4ba28f117bba00fb29a9a14972e0b68_jpg.rf.596088f4146fca0dee789a34e895485b.jpg,Health,b4ba28f117bba00fb29a9a14972e0b68_jpg.rf.596088f4146fca0dee789a34e895485b.jpg,True,,,train,444,,640,640,
train/Health/bBGk8L_YEk0_jpg.rf.77261a614d0c8648973505238e62ad03.jpg,Health,bBGk8L_YEk0_jpg.rf.77261a614d0c8648973505238e62ad03.jpg,True,,,train,445,,640,640,
train/Health/dAQCZZzY54w_jpg.rf.9d1bca71435c8b4701c4fb0802ab05b6.jpg,Health,dAQCZZzY54w_jpg.rf.9d1bca71435c8b4701c4fb0802ab05b6.jpg,True,,,val,446,,640,640,
train/Health/dPsICUqB36c_jpg.rf.62bb99e278628d068643476fc742a6fb.jpg,Health,dPsICUqB36c_jpg.rf.62bb99e278628d068643476fc742a6fb.jpg,True,,,train,447,,640,640,
train/Health/e0sO1OZwvok_jpg.rf.92a987ca11f7984623718e43320d192b.jpg,Health,e0sO1OZwvok_jpg.rf.92a987ca11f7984623718e43320d192b.jpg,True,,,train,448,,640,640,
train/Health/eBZvxHsJHAo_jpg.rf.28625ef482a829c2cfa4142932fbcacc.jpg,Health,eBZvxHsJHAo_jpg.rf.28625ef482a829c2cfa4142932fbcacc.jpg,True,,,train,449,,640,640,
train/Health/eLIGOFT9lWI_jpg.rf.805da1a823260b8e44840efac60f5f47.jpg,Health,eLIGOFT9lWI_jpg.rf.805da1a823260b8e44840efac60f5f47.jpg,True,,,train,450,,640,640,
train/Health/healthy10_jpg.rf.25a132cc005a3ce8d0a3615523ea3092.jpg,Health,healthy10_jpg.rf.25a132cc005a3ce8d0a3615523ea3092.jpg,True,,,train,451,,970,646,
train/Health/healthy24_jpg.rf.0c7df03a925ba4e5760f73cfc39be116.jpg,Health,healthy24_jpg.rf.0c7df03a925ba4e5760f73cfc39be116.jpg,True,,,train,452,,1300,867,
train/Health/hOg0SZ0X2-c_jpg.rf.eb43c36778b35601a74ba96b0f643405.jpg,Health,hOg0SZ0X2-c_jpg.rf.eb43c36778b35601a74ba96b0f643405.jpg,True,,,train,453,,640,640,
train/Health/J3FCKBSfdog_jpg.rf.4bd34c8f957e7ec8a16c289616e79c96.jpg,Health,J3FCKBSfdog_jpg.rf.4bd34c8f957e7ec8a16c289616e79c96.jpg,True,,,train,454,,640,640,
train/Health/JUJpjnGVFbQ_jpg.rf.57b5857bdc486bfef3a767b25e3668fa.jpg,Health,JUJpjnGVFbQ_jpg.rf.57b5857bdc486bfef3a767b25e3668fa.jpg,True,,,train,455,,640,640,
train/Health/jveZ612qAtU_jpg.rf.30e5bd5876e5882c092e587f30679df2.jpg,Health,jveZ612qAtU_jpg.rf.30e5bd5876e5882c092e587f30679df2.jpg,True,,,train,456,,640,640,
train/Health/JWCceK5kTgc_jpg.rf.90b1bf416c0fe337b68a7c2b8b908fd4.jpg,Health,JWCceK5kTgc_jpg.rf.90b1bf416c0fe337b68a7c2b8b908fd4.jpg,True,,,train,457,,640,640,
train/Health/k5eKqIhL9B4_jpg.rf.0ca18105fad14e597804df188903741a.jpg,Health,k5eKqIhL9B4_jpg.rf.0ca18105fad14e597804df188903741a.jpg,True,,,train,458,,640,640,
train/Health/kdBxmh5q5UE-1-_jpg.rf.dc2ef06b9bbee32aaf085475e2d1a0fd.jpg,Health,kdBxmh5q5UE-1-_jpg.rf.dc2ef06b9bbee32aaf085475e2d1a0fd.jpg,True,,,train,459,,640,640,
train/Health/KhqMLepgrgk_jpg.rf.722a363bac037060acbf0a58eb1a440e.jpg,Health,KhqMLepgrgk_jpg.rf.722a363bac037060acbf0a58eb1a440e.jpg,True,,,val,460,,640,640,
train/Health/m8Y1ELIEJ60_jpg.rf.b28398a201bfcb3966755f681712ce2f.jpg,Health,m8Y1ELIEJ60_jpg.rf.b28398a201bfcb3966755f681712ce2f.jpg,True,,,train,461,,640,640,
train/Health/oEk0md4bD4A_jpg.rf.4f5982eb6f82089ab8a54a9c1bc65821.jpg,Health,oEk0md4bD4A_jpg.rf.4f5982eb6f82089ab8a54a9c1bc65821.jpg,True,,,val,462,,640,640,
train/Health/P2Fba-n3lTI_jpg.rf.93cca625584db78f91316ef9744dd4bf.jpg,Health,P2Fba-n3lTI_jpg.rf.93cca625584db78f91316ef9744dd4bf.jpg,True,,,train,463,,640,640,
train/Health/photo1672324457_jpeg_jpg.rf.cd7623123332a54ae1a0588935bc00e1.jpg,Health,photo1672324457_jpeg_jpg.rf.cd7623123332a54ae1a0588935bc00e1.jpg,True,,,train,464,,640,640,
train/Health/photo1692691980_jpeg_jpg.rf.6bdb9fa5ee2da09238606a78ac8221fe.jpg,Health,photo1692691980_jpeg_jpg.rf.6bdb9fa5ee2da09238606a78ac8221fe.jpg,True,,,test,465,,640,640,
train/Health/photo1692728528_jpeg_jpg.rf.6067b07c9029928750b72360fe8ff996.jpg,Health,photo1692728528_jpeg_jpg.rf.6067b07c9029928750b72360fe8ff996.jpg,True,,,train,466,,640,640,
train/Health/photo1692833887_jpeg_jpg.rf.062053117a96ff079128d9adee5598cb.jpg,Health,photo1692833887_jpeg_jpg.rf.062053117a96ff079128d9adee5598cb.jpg,True,,,test,467,,640,640,
train/Health/photo1692960446_jpeg_jpg.rf.d815364453555316c515c22f8a395c68.jpg,Health,photo1692960446_jpeg_jpg.rf.d815364453555316c515c22f8a395c68.jpg,True,,,train,468,,640,640,
train/Health/photo1693385891_jpeg_jpg.rf.03a3982d68ad995506b636b5e1895379.jpg,Health,photo1693385891_jpeg_jpg.rf.03a3982d68ad995506b636b5e1895379.jpg,True,,,train,469,,640,640,
train/Health/photo1693387587_jpeg_jpg.rf.bae101c99fdf39c49b92906f32ba035f.jpg,Health,photo1693387587_jpeg_jpg.rf.bae101c99fdf39c49b92906f32ba035f.jpg,True,,,test,470,,640,640,
train/Health/photo1693613269_jpeg_jpg.rf.46754fbc759c8cef4f974a1db3063ac3.jpg,Health,photo1693613269_jpeg_jpg.rf.46754fbc759c8cef4f974a1db3063ac3.jpg,True,,,val,471,,640,640,
train/Health/photo1693659043_jpeg_jpg.rf.c7ece422ad84832218e6e8a688552f82.jpg,Health,photo1693659043_jpeg_jpg.rf.c7ece422ad84832218e6e8a688552f82.jpg,True,,,train,472,,640,640,
train/Health/photo1693756121-1-_jpeg_jpg.rf.5c55373988683f32f10155cfffca7705.jpg,Health,photo1693756121-1-_jpeg_jpg.rf.5c55373988683f32f10155cfffca7705.jpg,True,,,train,473,,640,640,
train/Health/photo1693756121_jpeg_jpg.rf.676db67a3d1699b44b47dd07339e584f.jpg,Health,photo1693756121_jpeg_jpg.rf.676db67a3d1699b44b47dd07339e584f.jpg,True,,,train,474,,640,640,
train/Health/photo1693829883_jpeg_jpg.rf.102032df7f9ac58a8a455abfc62d630f.jpg,Health,photo1693829883_jpeg_jpg.rf.102032df7f9ac58a8a455abfc62d630f.jpg,True,,,test,475,,640,640,
train/Health/photo1693841736_jpeg_jpg.rf.54bd32f9a445cbd35d983b7ecd5be5cc.jpg,Health,photo1693841736_jpeg_jpg.rf.54bd32f9a445cbd35d983b7ecd5be5cc.jpg,True,,,test,476,,640,640,
train/Health/photo1693843118_jpeg_jpg.rf.31eeebf5fe38a0fac86839fe1bac60f3.jpg,Health,photo1693843118_jpeg_jpg.rf.31eeebf5fe38a0fac86839fe1bac60f3.jpg,True,,,train,477,,640,640,
train/Health/photo1693964988_jpeg_jpg.rf.2577d55f834763efea59d4d3e347983a.jpg,Health,photo1693964988_jpeg_jpg.rf.2577d55f834763efea59d4d3e347983a.jpg,True,,,train,478,,640,640,
train/Health/photo1693965595_jpeg_jpg.rf.3fe19fa565c031065ca596127073e0e0.jpg,Health,photo1693965595_jpeg_jpg.rf.3fe19fa565c031065ca596127073e0e0.jpg,True,,,test,479,,640,640,
train/Health/photo1693970269_jpeg_jpg.rf.172c4bb8e58c35a9b709af7440eeef68.jpg,Health,photo1693970269_jpeg_jpg.rf.172c4bb8e58c35a9b709af7440eeef68.jpg,True,,,train,480,,640,640,
train/Health/photo1693974044_jpeg_jpg.rf.3d679a0bf206017670eef071c8ac0a5f.jpg,Health,photo1693974044_jpeg_jpg.rf.3d679a0bf206017670eef071c8ac0a5f.jpg,True,,,train,481,,640,640,
train/Health/photo1694011656_jpeg_jpg.rf.0477087bd45c6c8fff78e0e5d6d4e00e.jpg,Health,photo1694011656_jpeg_jpg.rf.0477087bd45c6c8fff78e0e5d6d4e00e.jpg,True,,,train,482,,640,640,
train/Health/photo1694073703_jpeg_jpg.rf.e64edfc7f1dbd6cdff31d8ce3aa326ee.jpg,Health,photo1694073703_jpeg_jpg.rf.e64edfc7f1dbd6cdff31d8ce3aa326ee.jpg,True,,,train,483,,640,640,
train/Health/photo1694079549_jpeg_jpg.rf.1a0e87cc547bd878aef67a1724b9e3c1.jpg,Health,photo1694079549_jpeg_jpg.rf.1a0e87cc547bd878aef67a1724b9e3c1.jpg,True,,,test,484,,640,640,
train/Health/photo1694089604_jpeg_jpg.rf.1c9276986ce56a884c5371c2c75a8ca7.jpg,Health,photo1694089604_jpeg_jpg.rf.1c9276986ce56a884c5371c2c75a8ca7.jpg,True,,,train,485,,640,640,
train/Health/photo1694093617_jpeg_jpg.rf.8e0edef8904021bdaa584b1409e05879.jpg,Health,photo1694093617_jpeg_jpg.rf.8e0edef8904021bdaa584b1409e05879.jpg,True,,,val,486,,640,640,
train/Health/photo1694094516_jpeg_jpg.rf.c125aa9de4dfd1f99555c19e68a03c6a.jpg,Health,photo1694094516_jpeg_jpg.rf.c125aa9de4dfd1f99555c19e68a03c6a.jpg,True,,,train,487,,640,640,
train/Health/photo1694231839_jpeg_jpg.rf.8dc62b25f981696921405ef27eba9574.jpg,Health,photo1694231839_jpeg_jpg.rf.8dc62b25f981696921405ef27eba9574.jpg,True,,,train,488,,640,640,
train/Health/photo1694269860_jpeg_jpg.rf.7cb08dcdfa67490276b8b906c052a93f.jpg,Health,photo1694269860_jpeg_jpg.rf.7cb08dcdfa67490276b8b906c052a93f.jpg,True,,,val,489,,640,640,
train/Health/photo1694270026_jpeg_jpg.rf.40db4486df31e21379462df09be460bd.jpg,Health,photo1694270026_jpeg_jpg.rf.40db4486df31e21379462df09be460bd.jpg,True,,,train,490,,640,640,
train/Health/photo1694278510_jpeg_jpg.rf.bb82dc1dbc63672bce136c219cd84d39.jpg,Health,photo1694278510_jpeg_jpg.rf.bb82dc1dbc63672bce136c219cd84d39.jpg,True,,,test,491,,640,640,
train/Health/photo1694319073_jpeg_jpg.rf.df4b96ce5ad6fea7a5064f816e3656b5.jpg,Health,photo1694319073_jpeg_jpg.rf.df4b96ce5ad6fea7a5064f816e3656b5.jpg,True,,,val,492,,640,640,
train/Health/photo1694488282_jpeg_jpg.rf.e2bcc4dbada2f1e31a4ddaa66e6b672f.jpg,Health,photo1694488282_jpeg_jpg.rf.e2bcc4dbada2f1e31a4ddaa66e6b672f.jpg,True,,,train,493,,640,640,
train/Health/photo1694792281_jpeg_jpg.rf.5bb43c82319853a17e601ea6568b86ec.jpg,Health,photo1694792281_jpeg_jpg.rf.5bb43c82319853a17e601ea6568b86ec.jpg,True,,,train,494,,640,640,
train/Health/photo1694792502_jpeg_jpg.rf.9459bba6d0d2e44681e0c285a9d5d214.jpg,Health,photo1694792502_jpeg_jpg.rf.9459bba6d0d2e44681e0c285a9d5d214.jpg,True,,,train,495,,640,640,
train/Health/photo1694856015_jpeg_jpg.rf.3f3cf74f9fa93db53b089da1d4576fe3.jpg,Health,photo1694856015_jpeg_jpg.rf.3f3cf74f9fa93db53b089da1d4576fe3.jpg,True,,,test,496,,640,640,
train/Health/photo1694943915_jpeg_jpg.rf.75927731e2bed6066e34f586303604fc.jpg,Health,photo1694943915_jpeg_jpg.rf.75927731e2bed6066e34f586303604fc.jpg,True,,,val,497,,640,640,
train/Health/photo1694964242_jpeg_jpg.rf.3765885f2e9a67bff7eb936f88d215a7.jpg,Health,photo1694964242_jpeg_jpg.rf.3765885f2e9a67bff7eb936f88d215a7.jpg,True,,,train,498,,640,640,
train/Health/photo1695007409_jpeg_jpg.rf.d7bc50e524b76ced17ed5dac79a68b0b.jpg,Health,photo1695007409_jpeg_jpg.rf.d7bc50e524b76ced17ed5dac79a68b0b.jpg,True,,,train,499,,640,640,
train/Health/photo1695043115_jpeg_jpg.rf.bd9a8931e755c30e00ba5dd8fb210482.jpg,Health,photo1695043115_jpeg_jpg.rf.bd9a8931e755c30e00ba5dd8fb210482.jpg,True,,,train,500,,640,640,
train/Health/photo1695043562_jpeg_jpg.rf.3d373a37ffe02253527c9a4de5cc9957.jpg,Health,photo1695043562_jpeg_jpg.rf.3d373a37ffe02253527c9a4de5cc9957.jpg,True,,,train,501,,640,640,
train/Health/photo1695169135_jpeg_jpg.rf.f8b97f8bf2fa70cfe1ac2c856c5ef88a.jpg,Health,photo1695169135_jpeg_jpg.rf.f8b97f8bf2fa70cfe1ac2c856c5ef88a.jpg,True,,,train,502,,640,640,
train/Health/photo1695480345_jpeg_jpg.rf.9d3eac1e04a7cfbfe01c29d5cead6867.jpg,Health,photo1695480345_jpeg_jpg.rf.9d3eac1e04a7cfbfe01c29d5cead6867.jpg,True,,,test,503,,640,640,
train/Health/photo1695530579_jpeg_jpg.rf.71e59d40276aa075a2a36e0841a2f918.jpg,Health,photo1695530579_jpeg_jpg.rf.71e59d40276aa075a2a36e0841a2f918.jpg,True,,,train,504,,640,640,
train/Health/photo1695536630_jpeg_jpg.rf.648a4110f3e13dcab422e03d479e7b47.jpg,Health,photo1695536630_jpeg_jpg.rf.648a4110f3e13dcab422e03d479e7b47.jpg,True,,,train,505,,640,640,
train/Health/photo1695703083_jpeg_jpg.rf.9fb0e5c5ecf34cd2d62df5f8d6b54687.jpg,Health,photo1695703083_jpeg_jpg.rf.9fb0e5c5ecf34cd2d62df5f8d6b54687.jpg,True,,,train,506,,640,640,
train/Health/pyWOEve6K0k_jpg.rf.4d88569ee729705a7ce7afd4b8ccaaee.jpg,Health,pyWOEve6K0k_jpg.rf.4d88569ee729705a7ce7afd4b8ccaaee.jpg,True,,,train,507,,640,640,
train/Health/qmrm-YSExOY_jpg.rf.d17779d8ee4df3732a6f08777ab0f46f.jpg,Health,qmrm-YSExOY_jpg.rf.d17779d8ee4df3732a6f08777ab0f46f.jpg,True,,,val,508,,640,640,
train/Health/RgDj48bExmE_jpg.rf.605562f1a6f7810319378d46bdd0ef4c.jpg,Health,RgDj48bExmE_jpg.rf.605562f1a6f7810319378d46bdd0ef4c.jpg,True,,,train,509,,640,640,
train/Health/S2IGnPjVCJs_jpg.rf.773e2419f8d684030366222dc1534dbd.jpg,Health,S2IGnPjVCJs_jpg.rf.773e2419f8d684030366222dc1534dbd.jpg,True,,,val,510,,640,640,
train/Health/SSxMVhA1QHY_jpg.rf.bdd14264eb63c19e3d41114e35986ee2.jpg,Health,SSxMVhA1QHY_jpg.rf.bdd14264eb63c19e3d41114e35986ee2.jpg,True,,,train,511,,640,640,
train/Health/thScTIqI8ss_jpg.rf.421f30e28c82dfdfd345be147b70e8e7.jpg,Health,thScTIqI8ss_jpg.rf.421f30e28c82dfdfd345be147b70e8e7.jpg,True,,,val,512,,640,640,
train/Health/VCkKApaoHeY_jpg.rf.09741a305f882a9692c14cbf8e4a4346.jpg,Health,VCkKApaoHeY_jpg.rf.09741a305f882a9692c14cbf8e4a4346.jpg,True,,,train,513,,640,640,
train/Ringworm/1000010607_x4_jpg.rf.6c3c39d15a31055469273267c132433e.jpg,Ringworm,1000010607_x4_jpg.rf.6c3c39d15a31055469273267c132433e.jpg,True,,,test,514,,640,640,
train/Ringworm/1000010683_x4_jpg.rf.350d938be2ec8676f262de4651699333.jpg,Ringworm,1000010683_x4_jpg.rf.350d938be2ec8676f262de4651699333.jpg,True,,,train,515,,640,640,
train/Ringworm/1000010715_x16_jpg.rf.4d46591d88bdbb54ec776f5c20518185.jpg,Ringworm,1000010715_x16_jpg.rf.4d46591d88bdbb54ec776f5c20518185.jpg,True,,,test,516,,640,640,
train/Ringworm/1000010751_x16_jpg.rf.f6cfcf38624f9db62246ba4e3e72281f.jpg,Ringworm,1000010751_x16_jpg.rf.f6cfcf38624f9db62246ba4e3e72281f.jpg,True,,,train,517,,640,640,
train/Ringworm/1000010765_x4_jpg.rf.1d73b78a8f353b7ed6cc7d68e457798c.jpg,Ringworm,1000010765_x4_jpg.rf.1d73b78a8f353b7ed6cc7d68e457798c.jpg,True,,,train,518,,640,640,
train/Ringworm/135195862_10222884899858522_306512586281914012_n_jpg.rf.89b00208c4cb6d16991ea34ad52f3d44.jpg,Ringworm,135195862_10222884899858522_306512586281914012_n_jpg.rf.89b00208c4cb6d16991ea34ad52f3d44.jpg,True,,,train,519,,640,640,
train/Ringworm/135195862_10222884899858522_306512586281914012_n_jpg.rf.9d4198afcb192dcebdc2a992da181805.jpg,Ringworm,135195862_10222884899858522_306512586281914012_n_jpg.rf.9d4198afcb192dcebdc2a992da181805.jpg,True,,,train,520,,640,640,
train/Ringworm/136166517_10222884899618516_2057480707672426777_n_jpg.rf.9205ca9ea24821772a2c556f1dcc22b7.jpg,Ringworm,136166517_10222884899618516_2057480707672426777_n_jpg.rf.9205ca9ea24821772a2c556f1dcc22b7.jpg,True,,,train,521,,640,640,
train/Ringworm/141309628_3721209851319478_6017019068231788383_n_jpg.rf.259fe5be433d785aa5f92560578ac65f.jpg,Ringworm,141309628_3721209851319478_6017019068231788383_n_jpg.rf.259fe5be433d785aa5f92560578ac65f.jpg,False,duplicate,train/Ringworm/141309628_3721209851319478_6017019068231788383_n_jpg.rf.46869fbff9ddaa7da9a12a5f6782b167.jpg,,-1,,640,640,
train/Ringworm/141309628_3721209851319478_6017019068231788383_n_jpg.rf.46869fbff9ddaa7da9a12a5f6782b167.jpg,Ringworm,141309628_3721209851319478_6017019068231788383_n_jpg.rf.46869fbff9ddaa7da9a12a5f6782b167.jpg,True,,,train,522,,1536,2048,
train/Ringworm/141725846_3721210257986104_5054501378569814826_n_jpg.rf.10f0e8d34c673f3401eba3e293c403b2.jpg,Ringworm,141725846_3721210257986104_5054501378569814826_n_jpg.rf.10f0e8d34c673f3401eba3e293c403b2.jpg,True,,,train,523,,640,640,
train/Ringworm/141725846_3721210257986104_5054501378569814826_n_jpg.rf.ccbe6ce53c9930261616df1195e54624.jpg,Ringworm,141725846_3721210257986104_5054501378569814826_n_jpg.rf.ccbe6ce53c9930261616df1195e54624.jpg,True,,,test,524,,640,640,
train/Ringworm/143867586_10226592175940714_8038162198825059119_n_jpg.rf.ff626c37f4be4f4736e6dc1a30dbc030.jpg,Ringworm,143867586_10226592175940714_8038162198825059119_n_jpg.rf.ff626c37f4be4f4736e6dc1a30dbc030.jpg,True,,,train,525,,1536,2048,
train/Ringworm/144276912_10226592175300698_232677143469954490_n_jpg.rf.f7ec0c65d9e002b5f79da999758ab410.jpg,Ringworm,144276912_10226592175300698_232677143469954490_n_jpg.rf.f7ec0c65d9e002b5f79da999758ab410.jpg,True,,,train,526,,1536,2048,
train/Ringworm/144276912_10226592175300698_232677143469954490_n_jpg.rf.f81624f50f0c19b4d7da7e5a7d1f0f9d.jpg,Ringworm,144276912_10226592175300698_232677143469954490_n_jpg.rf.f81624f50f0c19b4d7da7e5a7d1f0f9d.jpg,True,,,train,527,,640,640,
train/Ringworm/296327617_10223333354745759_96123069612573010_n_jpg.rf.718dd695e2c999c6fe5de916ec53c0fc.jpg,Ringworm,296327617_10223333354745759_96123069612573010_n_jpg.rf.718dd695e2c999c6fe5de916ec53c0fc.jpg,True,,,train,528,,640,640,
train/Ringworm/358069253_983286479531093_1071686392254425794_n_jpg.rf.8a310fc428a4cd82f4ae966e16249f74.jpg,Ringworm,358069253_983286479531093_1071686392254425794_n_jpg.rf.8a310fc428a4cd82f4ae966e16249f74.jpg,True,,,test,529,,450,600,
train/Ringworm/358143675_983286532864421_9080525795589717087_n_jpg.rf.c25db88d49ef592be6d6f000f248d6cc.jpg,Ringworm,358143675_983286532864421_9080525795589717087_n_jpg.rf.c25db88d49ef592be6d6f000f248d6cc.jpg,True,,,train,530,,1536,2048,
train/Ringworm/438910578_10220571452555225_8508184020251308112_n_jpg.rf.ca24e018583a66b4cf3ef7594692f15d.jpg,Ringworm,438910578_10220571452555225_8508184020251308112_n_jpg.rf.ca24e018583a66b4cf3ef7594692f15d.jpg,True,,,train,531,,526,1139,
train/Ringworm/Atopic-dermatitis_Dog-chronic-lick-sore-on-leg_DermVets_jpg.rf.3dac1f6d3ade3d3601d8b78118c6ecf1.jpg,Ringworm,Atopic-dermatitis_Dog-chronic-lick-sore-on-leg_DermVets_jpg.rf.3dac1f6d3ade3d3601d8b78118c6ecf1.jpg,True,,,train,532,,640,640,
train/Ringworm/aug3_jpg.rf.d19b38471e401cee0288f11cd6937707.jpg,Ringworm,aug3_jpg.rf.d19b38471e401cee0288f11cd6937707.jpg,True,,,test,533,,640,640,
train/Ringworm/CatWithRingworm_gi_1173607703_png.rf.517953bbfac79209c18a7310ee2f443a.jpg,Ringworm,CatWithRingworm_gi_1173607703_png.rf.517953bbfac79209c18a7310ee2f443a.jpg,True,,,test,534,,499,360,
train/Ringworm/HOT-SPOT-IN-DOG-HOW-vet-treated-symptom-prevention_-flea-bite-moist-eczema_dog-itching-000148_png_jpg.rf.d41de10cfa08aedf35c040bc74a9aacb.jpg,Ringworm,HOT-SPOT-IN-DOG-HOW-vet-treated-symptom-prevention_-flea-bite-moist-eczema_dog-itching-000148_png_jpg.rf.d41de10cfa08aedf35c040bc74a9aacb.jpg,True,,,train,535,,640,640,
train/Ringworm/HOT-SPOT-IN-DOG-HOW-vet-treated-symptom-prevention_-flea-bite-moist-eczema_dog-itching-000355_png_jpg.rf.d892f328a16e4449fc3b46996508bc97.jpg,Ringworm,HOT-SPOT-IN-DOG-HOW-vet-treated-symptom-prevention_-flea-bite-moist-eczema_dog-itching-000355_png_jpg.rf.d892f328a16e4449fc3b46996508bc97.jpg,True,,,train,536,,640,640,
train/Ringworm/HOT-SPOT-IN-DOG-HOW-vet-treated-symptom-prevention_-flea-bite-moist-eczema_dog-itching-000358_png_jpg.rf.4fc9792d5881d89d416b2f91e3d98cf0.jpg,Ringworm,HOT-SPOT-IN-DOG-HOW-vet-treated-symptom-prevention_-flea-bite-moist-eczema_dog-itching-000358_png_jpg.rf.4fc9792d5881d89d416b2f91e3d98cf0.jpg,True,,,train,537,,640,640,
train/Ringworm/HOT-SPOT-IN-DOG-HOW-vet-treated-symptom-prevention_-flea-bite-moist-eczema_dog-itching-000359_png_jpg.rf.941f0277ec275cdfb97f99ef745d29fa.jpg,Ringworm,HOT-SPOT-IN-DOG-HOW-vet-treated-symptom-prevention_-flea-bite-moist-eczema_dog-itching-000359_png_jpg.rf.941f0277ec275cdfb97f99ef745d29fa.jpg,True,,,train,538,,640,640,
train/Ringworm/HOT-SPOT-IN-DOG-HOW-vet-treated-symptom-prevention_-flea-bite-moist-eczema_dog-itching-000454_png_jpg.rf.6a76091296f5c12daf1aad4afdedc992.jpg,Ringworm,HOT-SPOT-IN-DOG-HOW-vet-treated-symptom-prevention_-flea-bite-moist-eczema_dog-itching-000454_png_jpg.rf.6a76091296f5c12daf1aad4afdedc992.jpg,True,,,train,539,,640,640,
train/Ringworm/hot-spots-suck_00043_jpg.rf.322ffb793316fcb4dd08b8e6137fe005.jpg,Ringworm,hot-spots-suck_00043_jpg.rf.322ffb793316fcb4dd08b8e6137fe005.jpg,True,,,train,540,,640,640,
train/Ringworm/hot-spots-suck_00103_jpg.rf.71bc1c99ced16776314e4d052d0c7d1e.jpg,Ringworm,hot-spots-suck_00103_jpg.rf.71bc1c99ced16776314e4d052d0c7d1e.jpg,True,,,train,541,,640,640,
train/Ringworm/hot-spots-suck_00232_jpg.rf.0fbb9a53cb4bcdbd48f8af3a8033d237.jpg,Ringworm,hot-spots-suck_00232_jpg.rf.0fbb9a53cb4bcdbd48f8af3a8033d237.jpg,True,,,train,542,,640,640,
train/Ringworm/hot-spots-suck_00235_jpg.rf.4b9dafe9eeae844550284eb972df1f1f.jpg,Ringworm,hot-spots-suck_00235_jpg.rf.4b9dafe9eeae844550284eb972df1f1f.jpg,True,,,train,543,,640,640,
train/Ringworm/hot-spots-suck_00322_jpg.rf.876ad088246661f814e62504a3f15323.jpg,Ringworm,hot-spots-suck_00322_jpg.rf.876ad088246661f814e62504a3f15323.jpg,True,,,train,544,,640,640,
train/Ringworm/hotspot-50-_jpg.rf.d0a516dd072935eebf2e6fd1052b47e0.jpg,Ringworm,hotspot-50-_jpg.rf.d0a516dd072935eebf2e6fd1052b47e0.jpg,True,,,val,545,,640,640,
train/Ringworm/hotspot-63-_jpg.rf.f726772f13b49b4dd52935eca94ca2d0.jpg,Ringworm,hotspot-63-_jpg.rf.f726772f13b49b4dd52935eca94ca2d0.jpg,True,,,train,546,,640,640,
train/Ringworm/hotspot-70-_jpg.rf.66d5bae5ddf6e85bf95727f0810ba121.jpg,Ringworm,hotspot-70-_jpg.rf.66d5bae5ddf6e85bf95727f0810ba121.jpg,True,,,train,547,,640,640,
train/Ringworm/hotspot-79-_jpg.rf.0d6b7372d1313d30badd02e452acd3d0.jpg,Ringworm,hotspot-79-_jpg.rf.0d6b7372d1313d30badd02e452acd3d0.jpg,True,,,val,548,,640,640,
train/Ringworm/images-32-Copy_jpeg_jpg.rf.c7b471be9bb1cabd64c487970a5da552.jpg,Ringworm,images-32-Copy_jpeg_jpg.rf.c7b471be9bb1cabd64c487970a5da552.jpg,True,,,train,549,,640,640,
train/Ringworm/images-34-_jpeg_jpg.rf.da58a3643d520c5ecbcd7d22356ec01e.jpg,Ringworm,images-34-_jpeg_jpg.rf.da58a3643d520c5ecbcd7d22356ec01e.jpg,True,,,train,550,,640,640,
train/Ringworm/images-34-_jpeg_jpg.rf.dcba738fdaa11e34079add0f0d828e82.jpg,Ringworm,images-34-_jpeg_jpg.rf.dcba738fdaa11e34079add0f0d828e82.jpg,True,,,train,551,,640,640,
train/Ringworm/images-36-_jpeg_jpg.rf.06b7a9eb6a4c7695fb9dafb9f8426546.jpg,Ringworm,images-36-_jpeg_jpg.rf.06b7a9eb6a4c7695fb9dafb9f8426546.jpg,True,,,train,552,,640,640,
train/Ringworm/images-36-_jpeg_jpg.rf.279ec1c4109ddb4d0eb75b7010f8a2c3.jpg,Ringworm,images-36-_jpeg_jpg.rf.279ec1c4109ddb4d0eb75b7010f8a2c3.jpg,True,,,train,553,,640,640,
train/Ringworm/images-41-_jpeg_jpg.rf.ebde24f414c65275fb926c6ff9b222c0.jpg,Ringworm,images-41-_jpeg_jpg.rf.ebde24f414c65275fb926c6ff9b222c0.jpg,True,,,test,554,,640,640,
train/Ringworm/images-41-_jpeg_jpg.rf.f52d2cf06f62d83b12e3ad5808a7822e.jpg,Ringworm,images-41-_jpeg_jpg.rf.f52d2cf06f62d83b12e3ad5808a7822e.jpg,True,,,train,555,,640,640,
train/Ringworm/Image_11-4-_jpg.rf.a1b06b4d65f09528af3fafc46787ee5c.jpg,Ringworm,Image_11-4-_jpg.rf.a1b06b4d65f09528af3fafc46787ee5c.jpg,True,,,test,556,,640,640,
train/Ringworm/Image_14-2-_jpg.rf.f80b29862326d3be8ea618d26a1cb72d.jpg,Ringworm,Image_14-2-_jpg.rf.f80b29862326d3be8ea618d26a1cb72d.jpg,True,,,train,557,,640,640,
train/Ringworm/Image_2-2-_jpg.rf.72fe2703215ffa4499a5c036b557d7d2.jpg,Ringworm,Image_2-2-_jpg.rf.72fe2703215ffa4499a5c036b557d7d2.jpg,True,,,test,558,,640,640,
train/Ringworm/Image_20-2-_jpg.rf.3c216bf1fa87d0c66891cd7764c0adfd.jpg,Ringworm,Image_20-2-_jpg.rf.3c216bf1fa87d0c66891cd7764c0adfd.jpg,True,,,train,559,,640,640,
train/Ringworm/Image_20-3-_jpg.rf.710f8122b2a283cedfc676b374a397c0.jpg,Ringworm,Image_20-3-_jpg.rf.710f8122b2a283cedfc676b374a397c0.jpg,True,,,train,560,,640,640,
train/Ringworm/Image_20-6-_jpg.rf.17cd91d2ec268a01c7d3d70da5272352.jpg,Ringworm,Image_20-6-_jpg.rf.17cd91d2ec268a01c7d3d70da5272352.jpg,True,,,train,561,,640,640,
train/Ringworm/Image_25_jpg.rf.cd9081239f846226fdbd608e0864556b.jpg,Ringworm,Image_25_jpg.rf.cd9081239f846226fdbd608e0864556b.jpg,True,,,train,562,,640,640,
train/Ringworm/Image_35-2-_jpg.rf.9d408a7f15a5b73c393ee077ced05cd1.jpg,Ringworm,Image_35-2-_jpg.rf.9d408a7f15a5b73c393ee077ced05cd1.jpg,True,,,test,563,,640,640,
train/Ringworm/Image_35_jpg.rf.80f39d00f907ce00bb065308282f3943.jpg,Ringworm,Image_35_jpg.rf.80f39d00f907ce00bb065308282f3943.jpg,True,,,train,564,,640,640,
train/Ringworm/Image_47-4-_jpg.rf.761e4b5516f3b923353cfdb0c32fe8e9.jpg,Ringworm,Image_47-4-_jpg.rf.761e4b5516f3b923353cfdb0c32fe8e9.jpg,True,,,val,565,,640,640,
train/Ringworm/Image_5-3-_jpg.rf.bfa588394f69b333d7b8e931f1033978.jpg,Ringworm,Image_5-3-_jpg.rf.bfa588394f69b333d7b8e931f1033978.jpg,True,,,train,566,,640,640,
train/Ringworm/Image_54_jpg.rf.dffb8881a57b6c6777cf243a92a8eea8.jpg,Ringworm,Image_54_jpg.rf.dffb8881a57b6c6777cf243a92a8eea8.jpg,False,duplicate,train/Ringworm/Image_62_jpg.rf.c5333d5a6803a9f2e372f76c2b6ee9f8.jpg,,-1,,640,640,
train/Ringworm/Image_55-2-_jpg.rf.16466d6ff56ebcfe64807c9c77b40a3b.jpg,Ringworm,Image_55-2-_jpg.rf.16466d6ff56ebcfe64807c9c77b40a3b.jpg,True,,,train,567,,640,640,
train/Ringworm/Image_56-2-_JPG_jpg.rf.6c53b7e631e98c61f75adf5495392853.jpg,Ringworm,Image_56-2-_JPG_jpg.rf.6c53b7e631e98c61f75adf5495392853.jpg,True,,,train,568,,640,640,
train/Ringworm/Image_60-2-_jpg.rf.43650a421c131ea896a547baf95cfbc6.jpg,Ringworm,Image_60-2-_jpg.rf.43650a421c131ea896a547baf95cfbc6.jpg,True,,,val,569,,640,640,
train/Ringworm/Image_62_jpg.rf.c5333d5a6803a9f2e372f76c2b6ee9f8.jpg,Ringworm,Image_62_jpg.rf.c5333d5a6803a9f2e372f76c2b6ee9f8.jpg,True,,,train,198,,640,640,
train/Ringworm/Image_71-3-_jpg.rf.de359f3ad6708ffa4ee25026cb8fb5e7.jpg,Ringworm,Image_71-3-_jpg.rf.de359f3ad6708ffa4ee25026cb8fb5e7.jpg,True,,,train,570,,640,640,
train/Ringworm/Image_72-3-_jpg.rf.7e1a1c228dec02836e5d8ea28657cb2f.jpg,Ringworm,Image_72-3-_jpg.rf.7e1a1c228dec02836e5d8ea28657cb2f.jpg,True,,,test,571,,640,640,
train/Ringworm/Image_76_jpg.rf.0a29143734bcef02cbbe4860d3cbe7e2.jpg,Ringworm,Image_76_jpg.rf.0a29143734bcef02cbbe4860d3cbe7e2.jpg,True,,,train,572,,640,640,
train/Ringworm/Image_80_jpg.rf.e0c7f9a04287053f6d46e65b7f673721.jpg,Ringworm,Image_80_jpg.rf.e0c7f9a04287053f6d46e65b7f673721.jpg,True,,,train,573,,640,640,
train/Ringworm/Image_97_jpg.rf.80cc72cb8d5fa0516d6b8d23e997ce79.jpg,Ringworm,Image_97_jpg.rf.80cc72cb8d5fa0516d6b8d23e997ce79.jpg,True,,,val,574,,640,640,
train/Ringworm/j21_jpeg_jpg.rf.2be247c980bb9f33b971a6571f8a9959.jpg,Ringworm,j21_jpeg_jpg.rf.2be247c980bb9f33b971a6571f8a9959.jpg,True,,,train,575,,640,640,
train/Ringworm/j21_jpeg_jpg.rf.8d894786ab49fe9a08f2eb0ee73d1bd6.jpg,Ringworm,j21_jpeg_jpg.rf.8d894786ab49fe9a08f2eb0ee73d1bd6.jpg,False,duplicate,train/Ringworm/j21_jpeg_jpg.rf.2be247c980bb9f33b971a6571f8a9959.jpg,,-1,,640,640,
train/Ringworm/j22_jpeg_jpg.rf.76502d4cfa8919dffcdc1988c6cdfcdc.jpg,Ringworm,j22_jpeg_jpg.rf.76502d4cfa8919dffcdc1988c6cdfcdc.jpg,True,,,train,576,,640,640,
train/Ringworm/j25_jpeg_jpg.rf.f0bd636dd61480dd66a22bcaad797f66.jpg,Ringworm,j25_jpeg_jpg.rf.f0bd636dd61480dd66a22bcaad797f66.jpg,False,duplicate,valid/Ringworm/j25_jpeg_jpg.rf.2a0923ddb9ea2d4961c047c8f1e635c5.jpg,,-1,,640,640,
train/Ringworm/j26_jpeg_jpg.rf.141831cfdd55b3593ee364d7db13a70e.jpg,Ringworm,j26_jpeg_jpg.rf.141831cfdd55b3593ee364d7db13a70e.jpg,True,,,test,577,,640,640,
train/Ringworm/j26_jpeg_jpg.rf.21ff299256024c8b85c85d65a884c748.jpg,Ringworm,j26_jpeg_jpg.rf.21ff299256024c8b85c85d65a884c748.jpg,True,,,train,578,,640,640,
train/Ringworm/j27_jpeg_jpg.rf.21d365aa6e888f2638a50949e8af1558.jpg,Ringworm,j27_jpeg_jpg.rf.21d365aa6e888f2638a50949e8af1558.jpg,True,,,train,579,,640,640,
train/Ringworm/j31_jpeg_jpg.rf.2c281c803a4b4d0553856f3b59d2da96.jpg,Ringworm,j31_jpeg_jpg.rf.2c281c803a4b4d0553856f3b59d2da96.jpg,True,,,train,580,,640,640,
train/Ringworm/j47_jpeg_jpg.rf.d0cbdcde3320ccf3a8ed2dd53e82451a.jpg,Ringworm,j47_jpeg_jpg.rf.d0cbdcde3320ccf3a8ed2dd53e82451a.jpg,True,,,train,581,,640,640,
train/Ringworm/j48_jpeg_jpg.rf.6c770f26bd78c727b8db6de069168825.jpg,Ringworm,j48_jpeg_jpg.rf.6c770f26bd78c727b8db6de069168825.jpg,True,,,train,582,,640,640,
train/Ringworm/j52_jpeg_jpg.rf.231b08fe30215503c5f29687138b0cfd.jpg,Ringworm,j52_jpeg_jpg.rf.231b08fe30215503c5f29687138b0cfd.jpg,True,,,val,583,,640,640,
train/Ringworm/jamur10_jpeg_jpg.rf.531ed50e922509866a99f9aa37ba5744.jpg,Ringworm,jamur10_jpeg_jpg.rf.531ed50e922509866a99f9aa37ba5744.jpg,True,,,train,584,,640,640,
train/Ringworm/jamur12_jpeg_jpg.rf.31c6527d0f081b7bb3ac74f5fe8f5c3f.jpg,Ringworm,jamur12_jpeg_jpg.rf.31c6527d0f081b7bb3ac74f5fe8f5c3f.jpg,True,,,train,585,,640,640,
train/Ringworm/jamur12_jpeg_jpg.rf.85536c08205b3d34f0f37fa87014cfe0.jpg,Ringworm,jamur12_jpeg_jpg.rf.85536c08205b3d34f0f37fa87014cfe0.jpg,True,,,val,586,,640,640,
train/Ringworm/jamur13_jpeg_jpg.rf.e07fb390672f938c18dde564653d7207.jpg,Ringworm,jamur13_jpeg_jpg.rf.e07fb390672f938c18dde564653d7207.jpg,True,,,train,587,,640,640,
train/Ringworm/jamur15_jpeg_jpg.rf.46da39f6bb7995c4982e9c58a9cdfffd.jpg,Ringworm,jamur15_jpeg_jpg.rf.46da39f6bb7995c4982e9c58a9cdfffd.jpg,True,,,test,588,,640,640,
train/Ringworm/jamur15_jpeg_jpg.rf.68e4a13c28ef5e3e84bbb72d287f37e1.jpg,Ringworm,jamur15_jpeg_jpg.rf.68e4a13c28ef5e3e84bbb72d287f37e1.jpg,True,,,val,589,,640,640,
train/Ringworm/jamur15_jpeg_jpg.rf.e9a30e4738454a83bc23f3a3393cc81e.jpg,Ringworm,jamur15_jpeg_jpg.rf.e9a30e4738454a83bc23f3a3393cc81e.jpg,False,duplicate,train/Ringworm/jamur15_jpeg_jpg.rf.68e4a13c28ef5e3e84bbb72d287f37e1.jpg,,-1,,640,640,
train/Ringworm/jamur31_jpeg_jpg.rf.d19c5c6c1bec01fbc29468db65cd5d05.jpg,Ringworm,jamur31_jpeg_jpg.rf.d19c5c6c1bec01fbc29468db65cd5d05.jpg,True,,,train,590,,640,640,
train/Ringworm/jamur35_jpeg_jpg.rf.8cd69cd0da0e51ee22e1001900ab637b.jpg,Ringworm,jamur35_jpeg_jpg.rf.8cd69cd0da0e51ee22e1001900ab637b.jpg,True,,,train,591,,640,640,
train/Ringworm/jamur3_jpeg_jpg.rf.6eb18a6692a1735f4d70b34f31102b26.jpg,Ringworm,jamur3_jpeg_jpg.rf.6eb18a6692a1735f4d70b34f31102b26.jpg,True,,,val,592,,640,640,
train/Ringworm/jamur49_jpeg_jpg.rf.832a99b03e6a6ad2a67f632e626a79fe.jpg,Ringworm,jamur49_jpeg_jpg.rf.832a99b03e6a6ad2a67f632e626a79fe.jpg,True,,,val,593,,640,640,
train/Ringworm/jamur4_jpeg_jpg.rf.4cb6354060ffa8281f120ed1a416a5dc.jpg,Ringworm,jamur4_jpeg_jpg.rf.4cb6354060ffa8281f120ed1a416a5dc.jpg,True,,,val,594,,640,640,
train/Ringworm/jamur55_jpeg_jpg.rf.b30c21de2258a4ab01090a4727887b8a.jpg,Ringworm,jamur55_jpeg_jpg.rf.b30c21de2258a4ab01090a4727887b8a.jpg,True,,,train,595,,640,640,
train/Ringworm/jamur58_jpeg_jpg.rf.b67597c8f135900543357765e0b1e4a3.jpg,Ringworm,jamur58_jpeg_jpg.rf.b67597c8f135900543357765e0b1e4a3.jpg,True,,,train,596,,640,640,
train/Ringworm/jamur5_jpeg_jpg.rf.2ead4e1ed599b0f9811b3467863e9b92.jpg,Ringworm,jamur5_jpeg_jpg.rf.2ead4e1ed599b0f9811b3467863e9b92.jpg,True,,,val,597,,640,640,
train/Ringworm/jamur86_jpeg_jpg.rf.e9936177f027d584b542cbf8fb6d73d3.jpg,Ringworm,jamur86_jpeg_jpg.rf.e9936177f027d584b542cbf8fb6d73d3.jpg,True,,,test,598,,640,640,
train/Ringworm/jamur87_jpeg_jpg.rf.566496e7b285bea1426cf89bca859417.jpg,Ringworm,jamur87_jpeg_jpg.rf.566496e7b285bea1426cf89bca859417.jpg,True,,,test,599,,640,640,
train/Ringworm/jamur88_jpeg_jpg.rf.df44ba83055ce05804aab6a5e52c3364.jpg,Ringworm,jamur88_jpeg_jpg.rf.df44ba83055ce05804aab6a5e52c3364.jpg,True,,,val,600,,640,640,
train/Ringworm/jamur8_jpeg_jpg.rf.6dd1250e64254e3b761bdcff77c66517.jpg,Ringworm,jamur8_jpeg_jpg.rf.6dd1250e64254e3b761bdcff77c66517.jpg,True,,,train,601,,640,640,
train/Ringworm/jamur8_jpeg_jpg.rf.e11b5b4e5f496c8352975cc4f7aaa570.jpg,Ringworm,jamur8_jpeg_jpg.rf.e11b5b4e5f496c8352975cc4f7aaa570.jpg,True,,,val,602,,640,640,
train/Ringworm/jamur90_jpeg_jpg.rf.f14c75099657224c9c680a52defea1b3.jpg,Ringworm,jamur90_jpeg_jpg.rf.f14c75099657224c9c680a52defea1b3.jpg,True,,,train,603,,640,640,
train/Ringworm/jamur91_jpeg_jpg.rf.b3f2fbc28e61179ecfea9a5245e40dd1.jpg,Ringworm,jamur91_jpeg_jpg.rf.b3f2fbc28e61179ecfea9a5245e40dd1.jpg,True,,,train,604,,640,640,
train/Ringworm/May-is-allergy-awareness-month-here-at-The-Shot-Spot_01552_jpg.rf.0c0dc5beb5c3604e9717a3a7e477cb37.jpg,Ringworm,May-is-allergy-awareness-month-here-at-The-Shot-Spot_01552_jpg.rf.0c0dc5beb5c3604e9717a3a7e477cb37.jpg,True,,,train,605,,640,640,
train/Ringworm/May-is-allergy-awareness-month-here-at-The-Shot-Spot_02797_jpg.rf.a7c0cb746c2d41310c1647bdd1f748ff.jpg,Ringworm,May-is-allergy-awareness-month-here-at-The-Shot-Spot_02797_jpg.rf.a7c0cb746c2d41310c1647bdd1f748ff.jpg,True,,,val,606,,640,640,
train/Ringworm/OIP-8-_x16_jpg.rf.e0ead9333d21c859542942592c0b4353.jpg,Ringworm,OIP-8-_x16_jpg.rf.e0ead9333d21c859542942592c0b4353.jpg,True,,,val,607,,640,640,
train/Ringworm/Owners-usually-don-t-get-a-good-vote-of-just-how-big-hotspots_00349_jpg.rf.97d8f3a220125750dc7e9722bc3c5909.jpg,Ringworm,Owners-usually-don-t-get-a-good-vote-of-just-how-big-hotspots_00349_jpg.rf.97d8f3a220125750dc7e9722bc3c5909.jpg,True,,,test,608,,640,640,
train/Ringworm/Ringworm-in-Cats-Treatments-and-Symptoms-5_jpg.rf.189c7a2ffb53d87400deb3e498506db7.jpg,Ringworm,Ringworm-in-Cats-Treatments-and-Symptoms-5_jpg.rf.189c7a2ffb53d87400deb3e498506db7.jpg,True,,,train,609,,640,640,
train/Ringworm/Ringworm-in-Cats-Treatments-and-Symptoms-5_jpg.rf.444f503e8c90e0e91ee84119fd8cd14d.jpg,Ringworm,Ringworm-in-Cats-Treatments-and-Symptoms-5_jpg.rf.444f503e8c90e0e91ee84119fd8cd14d.jpg,True,,,train,610,,640,640,
train/Ringworm/Ringworm-lesion-in-cat_Yaya-photos_Shutterstock-jpg_webp.rf.d83ecd05d3a25c98a5c966da32abaa07.jpg,Ringworm,Ringworm-lesion-in-cat_Yaya-photos_Shutterstock-jpg_webp.rf.d83ecd05d3a25c98a5c966da32abaa07.jpg,True,,,test,611,,1000,651,
train/Ringworm/ringworm10_jpg.rf.727863581c98cde9f36b9f56fe624269.jpg,Ringworm,ringworm10_jpg.rf.727863581c98cde9f36b9f56fe624269.jpg,True,,,train,612,,640,640,
train/Ringworm/ringworm10_jpg.rf.ec8457036d8e5f6a51d2af66765b0c4c.jpg,Ringworm,ringworm10_jpg.rf.ec8457036d8e5f6a51d2af66765b0c4c.jpg,False,duplicate,train/Ringworm/ringworm10_jpg.rf.727863581c98cde9f36b9f56fe624269.jpg,,-1,,196,184,
train/Ringworm/ringworm13_jpg.rf.353b23f01670d4cd128ad6acae4027d5.jpg,Ringworm,ringworm13_jpg.rf.353b23f01670d4cd128ad6acae4027d5.jpg,True,,,train,613,,640,640,
train/Ringworm/ringworm13_jpg.rf.68b525f61f15c5f2c17f8b22ae1d167e.jpg,Ringworm,ringworm13_jpg.rf.68b525f61f15c5f2c17f8b22ae1d167e.jpg,True,,,train,614,,640,640,
train/Ringworm/ringworm14_jpg.rf.1018c3e0cfc42acf91aa822084cf14fc.jpg,Ringworm,ringworm14_jpg.rf.1018c3e0cfc42acf91aa822084cf14fc.jpg,True,,,train,615,,640,640,
train/Ringworm/ringworm16_jpg.rf.64cc4543a91e1a9d3b524c77692c2402.jpg,Ringworm,ringworm16_jpg.rf.64cc4543a91e1a9d3b524c77692c2402.jpg,True,,,train,616,,640,640,
train/Ringworm/ringworm16_jpg.rf.a0ac4ab42781b804fafbd32907e3ed7c.jpg,Ringworm,ringworm16_jpg.rf.a0ac4ab42781b804fafbd32907e3ed7c.jpg,False,duplicate,train/Ringworm/ringworm16_jpg.rf.64cc4543a91e1a9d3b524c77692c2402.jpg,,-1,,124,171,
train/Ringworm/ringworm16_jpg.rf.d21be688a3680545a170f7597da5d45f.jpg,Ringworm,ringworm16_jpg.rf.d21be688a3680545a170f7597da5d45f.jpg,True,,,train,617,,640,640,
train/Ringworm/ringworm17_jpg.rf.cd258d98f1a808118037b7cc20b7c5dc.jpg,Ringworm,ringworm17_jpg.rf.cd258d98f1a808118037b7cc20b7c5dc.jpg,True,,,train,618,,640,640,
train/Ringworm/ringworm1_jpeg.rf.5f70eb1e79cc406999ec9eae4a522508.jpg,Ringworm,ringworm1_jpeg.rf.5f70eb1e79cc406999ec9eae4a522508.jpg,True,,,test,619,,803,652,
train/Ringworm/ringworm1_jpeg_jpg.rf.b1442ed206fec833e19861bb8b788036.jpg,Ringworm,ringworm1_jpeg_jpg.rf.b1442ed206fec833e19861bb8b788036.jpg,True,,,train,620,,640,640,
train/Ringworm/ringworm26_jpg.rf.72abd02a0590adcbc4b78e5f5b9cc2ea.jpg,Ringworm,ringworm26_jpg.rf.72abd02a0590adcbc4b78e5f5b9cc2ea.jpg,True,,,train,621,,640,640,
train/Ringworm/ringworm27_jpg.rf.e1bd01c65f1ec1112cc711bedec4929f.jpg,Ringworm,ringworm27_jpg.rf.e1bd01c65f1ec1112cc711bedec4929f.jpg,True,,,train,622,,640,640,
train/Ringworm/ringworm28_jpg.rf.60dfabcb15114b20ebc3dbf0aa971699.jpg,Ringworm,ringworm28_jpg.rf.60dfabcb15114b20ebc3dbf0aa971699.jpg,True,,,train,623,,640,640,
train/Ringworm/ringworm28_jpg.rf.e2b598398a66b559d223af3b43b4fabb.jpg,Ringworm,ringworm28_jpg.rf.e2b598398a66b559d223af3b43b4fabb.jpg,True,,,train,624,,640,640,
train/Ringworm/ringworm29_jpg.rf.bf09cac704fda4aadaffb9b465093cba.jpg,Ringworm,ringworm29_jpg.rf.bf09cac704fda4aadaffb9b465093cba.jpg,True,,,train,625,,640,640,
train/Ringworm/ringworm35_jpg.rf.30c1476fb11d6d3b76054c57182228c6.jpg,Ringworm,ringworm35_jpg.rf.30c1476fb11d6d3b76054c57182228c6.jpg,True,,,train,626,,640,640,
train/Ringworm/ringworm35_jpg.rf.6ac1cb9da1cccadb28e144968c310dfa.jpg,Ringworm,ringworm35_jpg.rf.6ac1cb9da1cccadb28e144968c310dfa.jpg,True,,,train,627,,640,640,
train/Ringworm/ringworm35_jpg.rf.e808cc7100251ff5738262aa27975b19.jpg,Ringworm,ringworm35_jpg.rf.e808cc7100251ff5738262aa27975b19.jpg,True,,,train,628,,640,640,
train/Ringworm/ringworm3_jpg.rf.6e579d7040c885944f3ae5c2a0cd76ae.jpg,Ringworm,ringworm3_jpg.rf.6e579d7040c885944f3ae5c2a0cd76ae.jpg,True,,,train,629,,640,640,
train/Ringworm/ringworm3_jpg.rf.c2c44c83eac8eb77d36b39cfebcd84ab.jpg,Ringworm,ringworm3_jpg.rf.c2c44c83eac8eb77d36b39cfebcd84ab.jpg,True,,,train,630,,640,640,
train/Ringworm/ringworm41_jpg.rf.2088c910de01cbaedb25838ef16cf4c4.jpg,Ringworm,ringworm41_jpg.rf.2088c910de01cbaedb25838ef16cf4c4.jpg,True,,,val,631,,640,640,
train/Ringworm/ringworm42_png_jpg.rf.9e8be5123aee0c6f095e75423f11352a.jpg,Ringworm,ringworm42_png_jpg.rf.9e8be5123aee0c6f095e75423f11352a.jpg,True,,,val,632,,640,640,
train/Ringworm/ringworm43_png_jpg.rf.739ea58c8db19940a28a0d849e5262f0.jpg,Ringworm,ringworm43_png_jpg.rf.739ea58c8db19940a28a0d849e5262f0.jpg,True,,,test,633,,640,640,
train/Ringworm/ringworm43_png_jpg.rf.da2ef962c696d73925a6fef32ffb2571.jpg,Ringworm,ringworm43_png_jpg.rf.da2ef962c696d73925a6fef32ffb2571.jpg,True,,,train,634,,640,640,
train/Ringworm/ringworm45_jpg.rf.3d816e734ddafce6e30b672a2c6fc16a.jpg,Ringworm,ringworm45_jpg.rf.3d816e734ddafce6e30b672a2c6fc16a.jpg,True,,,test,635,,2000,1200,
train/Ringworm/ringworm46_png_jpg.rf.86fb8f17098ea8a9df11235d16a54d62.jpg,Ringworm,ringworm46_png_jpg.rf.86fb8f17098ea8a9df11235d16a54d62.jpg,True,,,train,636,,640,640,
train/Ringworm/ringworm47_png.rf.2c2922df1e41ee31f83472bb4fe6f61b.jpg,Ringworm,ringworm47_png.rf.2c2922df1e41ee31f83472bb4fe6f61b.jpg,False,duplicate,train/Ringworm/ringworm47_png_jpg.rf.5a3932a23f4d25aef3e69466b4e8266a.jpg,,-1,,585,599,
train/Ringworm/ringworm47_png_jpg.rf.5a3932a23f4d25aef3e69466b4e8266a.jpg,Ringworm,ringworm47_png_jpg.rf.5a3932a23f4d25aef3e69466b4e8266a.jpg,True,,,val,637,,640,640,
train/Ringworm/ringworm47_png_jpg.rf.94a4e109451e14e31d6d87a837b39282.jpg,Ringworm,ringworm47_png_jpg.rf.94a4e109451e14e31d6d87a837b39282.jpg,True,,,val,638,,640,640,
train/Ringworm/ringworm49_png_jpg.rf.d8974bf32e7e2939d6e5b8f42cb278b4.jpg,Ringworm,ringworm49_png_jpg.rf.d8974bf32e7e2939d6e5b8f42cb278b4.jpg,True,,,train,639,,640,640,
train/Ringworm/ringworm49_png_jpg.rf.da916989c1baced973a9a6aeb3254aeb.jpg,Ringworm,ringworm49_png_jpg.rf.da916989c1baced973a9a6aeb3254aeb.jpg,True,,,train,640,,640,640,
train/Ringworm/ringworm50_jpg.rf.af325af08dfdcb648c1e665df21447e3.jpg,Ringworm,ringworm50_jpg.rf.af325af08dfdcb648c1e665df21447e3.jpg,True,,,val,641,,640,640,
train/Ringworm/ringworm6_jpg.rf.02dddae93d599b9f8e80f53a1e40b34e.jpg,Ringworm,ringworm6_jpg.rf.02dddae93d599b9f8e80f53a1e40b34e.jpg,True,,,train,642,,640,640,
train/Ringworm/ringworm8_jpg.rf.5f2edfe0398a8563c8395f242f546ea4.jpg,Ringworm,ringworm8_jpg.rf.5f2edfe0398a8563c8395f242f546ea4.jpg,True,,,train,643,,640,640,
train/Ringworm/ringworm9_jpg.rf.66fcdf52fcb94b0ba4202653eb597ceb.jpg,Ringworm,ringworm9_jpg.rf.66fcdf52fcb94b0ba4202653eb597ceb.jpg,True,,,train,644,,640,640,
train/Ringworm/ringworm9_jpg.rf.8db05024f242919a2b5e3fcdf7ed39f5.jpg,Ringworm,ringworm9_jpg.rf.8db05024f242919a2b5e3fcdf7ed39f5.jpg,True,,,train,645,,640,640,
train/Ringworm/Screenshot-2024-10-14-175112_png_jpg.rf.3f0eb183e989e51887e750dd92670f1e.jpg,Ringworm,Screenshot-2024-10-14-175112_png_jpg.rf.3f0eb183e989e51887e750dd92670f1e.jpg,True,,,train,646,,640,640,
train/Ringworm/Screenshot-2024-10-14-175112_png_jpg.rf.dda99eac7e5b571c27656708f1261c1a.jpg,Ringworm,Screenshot-2024-10-14-175112_png_jpg.rf.dda99eac7e5b571c27656708f1261c1a.jpg,False,duplicate,train/Ringworm/Screenshot-2024-10-14-175112_png_jpg.rf.3f0eb183e989e51887e750dd92670f1e.jpg,,-1,,640,640,
train/Ringworm/Screenshot-2024-10-14-175809_png_jpg.rf.60aa47504200def4d06ccf7f89e40c4d.jpg,Ringworm,Screenshot-2024-10-14-175809_png_jpg.rf.60aa47504200def4d06ccf7f89e40c4d.jpg,True,,,test,647,,640,640,
train/Ringworm/Screenshot-2024-10-14-175809_png_jpg.rf.9db87c0d93a78d808a6363e8794e7a37.jpg,Ringworm,Screenshot-2024-10-14-175809_png_jpg.rf.9db87c0d93a78d808a6363e8794e7a37.jpg,True,,,test,648,,640,640,
train/Ringworm/Screenshot-2024-10-14-175809_png_jpg.rf.c83cf503ab6098e5f4448fd0ffcaf9d9.jpg,Ringworm,Screenshot-2024-10-14-175809_png_jpg.rf.c83cf503ab6098e5f4448fd0ffcaf9d9.jpg,True,,,train,649,,640,640,
train/Ringworm/Screenshot-2024-10-14-175932_png_jpg.rf.b7bb7900e90f2736bf626b8625d5e2cc.jpg,Ringworm,Screenshot-2024-10-14-175932_png_jpg.rf.b7bb7900e90f2736bf626b8625d5e2cc.jpg,True,,,val,650,,640,640,
train/Ringworm/Screenshot-2024-10-14-180043_png_jpg.rf.3a4bba1c876ff42e9a07b5af1a2d6084.jpg,Ringworm,Screenshot-2024-10-14-180043_png_jpg.rf.3a4bba1c876ff42e9a07b5af1a2d6084.jpg,True,,,val,651,,640,640,
train/Ringworm/Screenshot-2024-10-14-180043_png_jpg.rf.77cc0e6291f315c1a65b1f66059395cd.jpg,Ringworm,Screenshot-2024-10-14-180043_png_jpg.rf.77cc0e6291f315c1a65b1f66059395cd.jpg,True,,,train,652,,640,640,
train/Ringworm/Screenshot-2024-10-14-180439_png_jpg.rf.06c60103447bdf4f70f17e8fa620d2bf.jpg,Ringworm,Screenshot-2024-10-14-180439_png_jpg.rf.06c60103447bdf4f70f17e8fa620d2bf.jpg,True,,,train,653,,640,640,
train/Ringworm/Screenshot-2024-10-14-180548_png_jpg.rf.64d3e9f8bf711d64038b6514006337de.jpg,Ringworm,Screenshot-2024-10-14-180548_png_jpg.rf.64d3e9f8bf711d64038b6514006337de.jpg,True,,,train,654,,640,640,
train/Ringworm/Screenshot-2024-10-14-180548_png_jpg.rf.ac3a40932737948162ab48fd1dbfb5e6.jpg,Ringworm,Screenshot-2024-10-14-180548_png_jpg.rf.ac3a40932737948162ab48fd1dbfb5e6.jpg,True,,,train,655,,640,640,
train/Ringworm/Screenshot-2024-10-14-180656_png_jpg.rf.936d467077e68af36daa50f20341cf6d.jpg,Ringworm,Screenshot-2024-10-14-180656_png_jpg.rf.936d467077e68af36daa50f20341cf6d.jpg,True,,,train,656,,640,640,
train/Ringworm/Screenshot-2024-10-14-180656_png_jpg.rf.a05103b1add081c0bff15f8b7c253571.jpg,Ringworm,Screenshot-2024-10-14-180656_png_jpg.rf.a05103b1add081c0bff15f8b7c253571.jpg,True,,,test,657,,640,640,
train/Ringworm/Screenshot-2024-10-14-182237_png_jpg.rf.b5b487301fc5a760d9beb4500db7ee96.jpg,Ringworm,Screenshot-2024-10-14-182237_png_jpg.rf.b5b487301fc5a760d9beb4500db7ee96.jpg,True,,,train,658,,640,640,
train/Ringworm/Screenshot-2024-11-16-181028_png.rf.289105b7559e5b8520b1b77b85f3568e.jpg,Ringworm,Screenshot-2024-11-16-181028_png.rf.289105b7559e5b8520b1b77b85f3568e.jpg,True,,,train,659,,287,266,
train/Ringworm/Screenshot-2024-11-16-181047_png.rf.49c5e006a2f359268cd5bb52395401e2.jpg,Ringworm,Screenshot-2024-11-16-181047_png.rf.49c5e006a2f359268cd5bb52395401e2.jpg,True,,,train,660,,323,287,
train/Ringworm/Screenshot-2024-11-16-181130_png.rf.dba0bd114c200765082a327b64587efd.jpg,Ringworm,Screenshot-2024-11-16-181130_png.rf.dba0bd114c200765082a327b64587efd.jpg,True,,,train,661,,282,300,
train/Ringworm/Screenshot-2024-11-16-181434_png.rf.cb410d8509d7eb4bdde78f0d0a7b27ab.jpg,Ringworm,Screenshot-2024-11-16-181434_png.rf.cb410d8509d7eb4bdde78f0d0a7b27ab.jpg,True,,,train,662,,268,192,
train/Ringworm/Screenshot-2024-11-16-181809_png.rf.f041c8f3236387fcad303e3c2d305db4.jpg,Ringworm,Screenshot-2024-11-16-181809_png.rf.f041c8f3236387fcad303e3c2d305db4.jpg,False,duplicate,train/Ringworm/Image_62_jpg.rf.c5333d5a6803a9f2e372f76c2b6ee9f8.jpg,,-1,,196,133,
train/Ringworm/Screenshot-2024-11-16-182105_png.rf.be23292314fc3ff8da451c758cc398cf.jpg,Ringworm,Screenshot-2024-11-16-182105_png.rf.be23292314fc3ff8da451c758cc398cf.jpg,True,,,val,663,,287,172,
train/Ringworm/Screenshot-2024-11-16-182320_png.rf.d77821da9f1709f8ca04ef5ef802d142.jpg,Ringworm,Screenshot-2024-11-16-182320_png.rf.d77821da9f1709f8ca04ef5ef802d142.jpg,True,,,train,664,,287,165,
train/Ringworm/Screenshot-2024-11-16-182449_png.rf.4b8aecda9a7735f24528644ce0d28513.jpg,Ringworm,Screenshot-2024-11-16-182449_png.rf.4b8aecda9a7735f24528644ce0d28513.jpg,True,,,test,665,,342,355,
train/Ringworm/Screenshot-2024-11-16-182913_png.rf.8150a2a10504fc1650690da9ce2f309d.jpg,Ringworm,Screenshot-2024-11-16-182913_png.rf.8150a2a10504fc1650690da9ce2f309d.jpg,True,,,train,666,,233,177,
train/Ringworm/Screenshot-2024-11-16-183222_png.rf.f9c111c578fa61d9d15c4534ee3583fb.jpg,Ringworm,Screenshot-2024-11-16-183222_png.rf.f9c111c578fa61d9d15c4534ee3583fb.jpg,True,,,train,667,,300,167,
train/Ringworm/Screenshot-2024-11-16-183256_png.rf.6bd25797fc056e44e0592746d92e1f3a.jpg,Ringworm,Screenshot-2024-11-16-183256_png.rf.6bd25797fc056e44e0592746d92e1f3a.jpg,True,,,train,668,,251,155,
train/Ringworm/Screenshot-2024-11-16-183716_png.rf.f6f0163ca4080b1734ebc0d0b68add55.jpg,Ringworm,Screenshot-2024-11-16-183716_png.rf.f6f0163ca4080b1734ebc0d0b68add55.jpg,True,,,train,195,,320,210,
train/Ringworm/Screenshot-2024-11-16-184110_png.rf.e033a8e4f920a90eeb5e19fe862d9284.jpg,Ringworm,Screenshot-2024-11-16-184110_png.rf.e033a8e4f920a90eeb5e19fe862d9284.jpg,True,,,val,669,,268,206,
train/Ringworm/Screenshot-2024-11-16-184314_png.rf.ef50866b95091e291c9dc01f0598ef63.jpg,Ringworm,Screenshot-2024-11-16-184314_png.rf.ef50866b95091e291c9dc01f0598ef63.jpg,True,,,val,670,,330,217,
train/Ringworm/Thank-you-all-for-your-support_00004_jpg.rf.e9e411678c19cfaae5bc70e52a2aca75.jpg,Ringworm,Thank-you-all-for-your-support_00004_jpg.rf.e9e411678c19cfaae5bc70e52a2aca75.jpg,True,,,train,671,,640,640,
train/Ringworm/waj1_jpeg_jpg.rf.0e365cc3775ccb683eede1adfee79ac1.jpg,Ringworm,waj1_jpeg_jpg.rf.0e365cc3775ccb683eede1adfee79ac1.jpg,True,,,train,672,,640,640,
train/Ringworm/waj5_jpeg_jpg.rf.0c5284b2cec9bd19bf2d065428b138ae.jpg,Ringworm,waj5_jpeg_jpg.rf.0c5284b2cec9bd19bf2d065428b138ae.jpg,True,,,test,673,,640,640,
train/Ringworm/waj9_jpeg_jpg.rf.b1cc0f87177079c2a8583e44cd0f2aa2.jpg,Ringworm,waj9_jpeg_jpg.rf.b1cc0f87177079c2a8583e44cd0f2aa2.jpg,True,,,test,674,,640,640,
train/Scabies/frame10_83_jpg.rf.04350b4c4ce2bd8608d40f0b0fe39777.jpg,Scabies,frame10_83_jpg.rf.04350b4c4ce2bd8608d40f0b0fe39777.jpg,True,,,train,65,frame10,640,640,
train/Scabies/2_png_jpg.rf.74851c126de2502e1b291f0522aa7f4c.jpg,Scabies,2_png_jpg.rf.74851c126de2502e1b291f0522aa7f4c.jpg,True,,,test,675,,367,357,
train/Scabies/3_png_jpg.rf.a056dae653f024d984369a5dbd5a57b6.jpg,Scabies,3_png_jpg.rf.a056dae653f024d984369a5dbd5a57b6.jpg,True,,,test,676,,550,386,
train/Scabies/4_png_jpg.rf.82e91f3c0ec31915f2af105e48b461ea.jpg,Scabies,4_png_jpg.rf.82e91f3c0ec31915f2af105e48b461ea.jpg,True,,,val,677,,556,419,
train/Scabies/10_png_jpg.rf.7b7aa8123bf4ebc5f27ed03975663b0f.jpg,Scabies,10_png_jpg.rf.7b7aa8123bf4ebc5f27ed03975663b0f.jpg,True,,,val,678,,574,428,
train/Scabies/10_png_jpg.rf.bcb82113f717984727f14d9bc26c532b.jpg,Scabies,10_png_jpg.rf.bcb82113f717984727f14d9bc26c532b.jpg,False,duplicate,train/Scabies/10_png_jpg.rf.7b7aa8123bf4ebc5f27ed03975663b0f.jpg,,-1,,574,428,
train/Scabies/14_png_jpg.rf.3c359563c9e82218535ceae60f0722b1.jpg,Scabies,14_png_jpg.rf.3c359563c9e82218535ceae60f0722b1.jpg,True,,,test,679,,544,387,
train/Scabies/15_png_jpg.rf.7edd22c4ad32d12b8f11daf04fdbff03.jpg,Scabies,15_png_jpg.rf.7edd22c4ad32d12b8f11daf04fdbff03.jpg,True,,,val,680,,731,355,
train/Scabies/15_png_jpg.rf.94cdcf97a7cbbfac3fd79e8a605cb59e.jpg,Scabies,15_png_jpg.rf.94cdcf97a7cbbfac3fd79e8a605cb59e.jpg,False,duplicate,train/Scabies/15_png_jpg.rf.7edd22c4ad32d12b8f11daf04fdbff03.jpg,,-1,,731,355,
train/Scabies/16_png_jpg.rf.e696e8fbef80cef1d83ba3da7a860c38.jpg,Scabies,16_png_jpg.rf.e696e8fbef80cef1d83ba3da7a860c38.jpg,False,duplicate,train/Scabies/16_png_jpg.rf.ebb52a41dcca2562e5419513521fd5af.jpg,,-1,,376,365,
train/Scabies/16_png_jpg.rf.ebb52a41dcca2562e5419513521fd5af.jpg,Scabies,16_png_jpg.rf.ebb52a41dcca2562e5419513521fd5af.jpg,True,,,train,681,,376,365,
train/Scabies/18_png_jpg.rf.8bc6d3d21ee0d13654cd542d58051cf5.jpg,Scabies,18_png_jpg.rf.8bc6d3d21ee0d13654cd542d58051cf5.jpg,True,,,test,682,,1393,1023,
train/Scabies/18_png_jpg.rf.519be3dc63cd883b49297fc6c51e5719.jpg,Scabies,18_png_jpg.rf.519be3dc63cd883b49297fc6c51e5719.jpg,False,duplicate,train/Scabies/18_png_jpg.rf.8bc6d3d21ee0d13654cd542d58051cf5.jpg,,-1,,1393,1023,
train/Scabies/19_png_jpg.rf.a8fbfc1e48ae3baf7fdf588c85be46e6.jpg,Scabies,19_png_jpg.rf.a8fbfc1e48ae3baf7fdf588c85be46e6.jpg,True,,,train,683,,539,395,
train/Scabies/20_png_jpg.rf.c480532d9547b564e8f85ff035163b67.jpg,Scabies,20_png_jpg.rf.c480532d9547b564e8f85ff035163b67.jpg,False,duplicate,valid/Scabies/20_png_jpg.rf.38fd7a2f8a2c28961b185b94ff7794ae.jpg,,-1,,551,402,
train/Scabies/23_png_jpg.rf.ae7ff59612ec98e5ac5ea7d7493be7b1.jpg,Scabies,23_png_jpg.rf.ae7ff59612ec98e5ac5ea7d7493be7b1.jpg,False,duplicate,valid/Scabies/23_png_jpg.rf.96bca9a08b67de8f90af08d828d6764c.jpg,,-1,,406,350,
train/Scabies/24_png_jpg.rf.7d5a03c7576051249b95a4b666d2266b.jpg,Scabies,24_png_jpg.rf.7d5a03c7576051249b95a4b666d2266b.jpg,True,,,val,684,,510,304,
train/Scabies/24_png_jpg.rf.bf4ddb713dfcb7eca5e983d4ab2b4234.jpg,Scabies,24_png_jpg.rf.bf4ddb713dfcb7eca5e983d4ab2b4234.jpg,False,duplicate,train/Scabies/24_png_jpg.rf.7d5a03c7576051249b95a4b666d2266b.jpg,,-1,,510,304,
train/Scabies/25_png_jpg.rf.7f3a06c750d7cbbcefb271a23e9ab19e.jpg,Scabies,25_png_jpg.rf.7f3a06c750d7cbbcefb271a23e9ab19e.jpg,True,,,test,685,,388,365,
train/Scabies/26_png_jpg.rf.d06fd7101c6153dbd3901cc9754eb83a.jpg,Scabies,26_png_jpg.rf.d06fd7101c6153dbd3901cc9754eb83a.jpg,True,,,test,686,,378,297,
train/Scabies/27_png_jpg.rf.74d2731706b9d91f429904b12e3a2b59.jpg,Scabies,27_png_jpg.rf.74d2731706b9d91f429904b12e3a2b59.jpg,True,,,test,687,,1355,952,
train/Scabies/27_png_jpg.rf.767445980b641873cefac63bd24ff2ad.jpg,Scabies,27_png_jpg.rf.767445980b641873cefac63bd24ff2ad.jpg,False,duplicate,train/Scabies/27_png_jpg.rf.74d2731706b9d91f429904b12e3a2b59.jpg,,-1,,1355,952,
train/Scabies/28_png_jpg.rf.df32006f576c8f150ed34c6a2539122c.jpg,Scabies,28_png_jpg.rf.df32006f576c8f150ed34c6a2539122c.jpg,True,,,val,688,,442,363,
train/Scabies/Cidww4cUUAAThzp_jpg.rf.4fc0335dee3f4a6e69d5916b949b7b16.jpg,Scabies,Cidww4cUUAAThzp_jpg.rf.4fc0335dee3f4a6e69d5916b949b7b16.jpg,False,duplicate,test/Scabies/Cidww4cUUAAThzp_jpg.rf.11c6aacb8911b7c1d409e6d24baf313f.jpg,,-1,,1152,864,
train/Scabies/D2XXGy_WkAEBVy__jpg.rf.3dd13f5ed61b6353a1da2a75fe721aa3.jpg,Scabies,D2XXGy_WkAEBVy__jpg.rf.3dd13f5ed61b6353a1da2a75fe721aa3.jpg,True,,,train,689,,655,471,
train/Scabies/download-2-_jpeg_jpg.rf.e46e4c221a521cfdaabf52e334a70449.jpg,Scabies,download-2-_jpeg_jpg.rf.e46e4c221a521cfdaabf52e334a70449.jpg,True,,,train,690,,275,183,
train/Scabies/download-4-_jpeg_jpg.rf.8e25fb5fa1775b7248ff0eb5a115c9c6.jpg,Scabies,download-4-_jpeg_jpg.rf.8e25fb5fa1775b7248ff0eb5a115c9c6.jpg,True,,,val,691,,194,259,
train/Scabies/download-4-_jpeg_jpg.rf.340a4863493645ce6966c005e4045b75.jpg,Scabies,download-4-_jpeg_jpg.rf.340a4863493645ce6966c005e4045b75.jpg,False,duplicate,train/Scabies/download-4-_jpeg_jpg.rf.8e25fb5fa1775b7248ff0eb5a115c9c6.jpg,,-1,,194,259,
train/Scabies/download-5-_jpeg_jpg.rf.0c74d68e6b6dfabf871307f21c7932a8.jpg,Scabies,download-5-_jpeg_jpg.rf.0c74d68e6b6dfabf871307f21c7932a8.jpg,True,,,test,692,,275,183,
train/Scabies/EmIO-PRVgAAlu2e_jpg.rf.12f52ce9eeaf790745ec6dabc6386dc6.jpg,Scabies,EmIO-PRVgAAlu2e_jpg.rf.12f52ce9eeaf790745ec6dabc6386dc6.jpg,True,,,test,693,,2048,2048,
train/Scabies/EYH50jCU8AEFqPh_jpg.rf.4909726522c756cd26fac320e7233f17.jpg,Scabies,EYH50jCU8AEFqPh_jpg.rf.4909726522c756cd26fac320e7233f17.jpg,True,,,val,694,,1024,768,
train/Scabies/frame_11_jpg.rf.7efa630de525b4cca7e62941fb011866.jpg,Scabies,frame_11_jpg.rf.7efa630de525b4cca7e62941fb011866.jpg,True,,,train,695,,640,640,
train/Scabies/frame_463_jpg.rf.bf45879033b0f7da9891da4dd89b6fe7.jpg,Scabies,frame_463_jpg.rf.bf45879033b0f7da9891da4dd89b6fe7.jpg,True,,,val,696,,640,640,
train/Scabies/Frame-0_jpeg_jpg.rf.dd51ac87e7b378777f4fe05885d72920.jpg,Scabies,Frame-0_jpeg_jpg.rf.dd51ac87e7b378777f4fe05885d72920.jpg,True,,,test,697,frame0,640,360,
train/Scabies/frame2_266_jpg.rf.d62768fc8bb0c9d19b41a003d05f1332.jpg,Scabies,frame2_266_jpg.rf.d62768fc8bb0c9d19b41a003d05f1332.jpg,True,,,train,698,frame2,640,640,
train/Scabies/frame2_316_jpg.rf.936213ac7d8a9dba7cffdaebf7507c1a.jpg,Scabies,frame2_316_jpg.rf.936213ac7d8a9dba7cffdaebf7507c1a.jpg,True,,,train,698,frame2,640,640,
train/Scabies/frame2_316_jpg.rf.d59ba8b139697e6d312618091605c750.jpg,Scabies,frame2_316_jpg.rf.d59ba8b139697e6d312618091605c750.jpg,True,,,train,698,frame2,640,640,
train/Scabies/frame2_jpg.rf.92ee8d1bb6be63610bbe82c9aa06113d.jpg,Scabies,frame2_jpg.rf.92ee8d1bb6be63610bbe82c9aa06113d.jpg,True,,,train,698,frame2,640,640,
train/Scabies/frame3_149_jpg.rf.57ac6f48746a99458f8ca0813b539e48.jpg,Scabies,frame3_149_jpg.rf.57ac6f48746a99458f8ca0813b539e48.jpg,True,,,train,699,frame3,640,640,
train/Scabies/Frame-3_jpeg_jpg.rf.931cc22c44e4fdde7ccae2fd2887e52a.jpg,Scabies,Frame-3_jpeg_jpg.rf.931cc22c44e4fdde7ccae2fd2887e52a.jpg,True,,,train,699,frame3,640,360,
train/Scabies/frame4_842_jpg.rf.3a12a67563303c2513936a68bf189041.jpg,Scabies,frame4_842_jpg.rf.3a12a67563303c2513936a68bf189041.jpg,True,,,train,66,frame4,640,640,
train/Scabies/frame4_923_jpg.rf.94ce6993cd51a0d5504aa9918a2f0389.jpg,Scabies,frame4_923_jpg.rf.94ce6993cd51a0d5504aa9918a2f0389.jpg,True,,,train,66,frame4,640,640,
train/Scabies/frame4_1157_jpg.rf.8bcef058c155fbc8648fbe81d02b31e5.jpg,Scabies,frame4_1157_jpg.rf.8bcef058c155fbc8648fbe81d02b31e5.jpg,True,,,train,66,frame4,640,640,
train/Scabies/frame4_1157_jpg.rf.9c18d6333a9c25e95d87db7c28933543.jpg,Scabies,frame4_1157_jpg.rf.9c18d6333a9c25e95d87db7c28933543.jpg,False,duplicate,train/Scabies/frame4_1157_jpg.rf.8bcef058c155fbc8648fbe81d02b31e5.jpg,,-1,frame4,640,640,
train/Scabies/Frame-4_jpeg_jpg.rf.952021681418b86f5ec0f9d537c1f06a.jpg,Scabies,Frame-4_jpeg_jpg.rf.952021681418b86f5ec0f9d537c1f06a.jpg,False,duplicate,valid/Scabies/Frame-4_jpeg_jpg.rf.80a08cc879ae735e7511b88d87150bc6.jpg,,-1,frame4,640,360,
train/Scabies/frame5_74_jpg.rf.7b7f306df093dd12b5995f0c09b90563.jpg,Scabies,frame5_74_jpg.rf.7b7f306df093dd12b5995f0c09b90563.jpg,True,,,train,67,frame5,640,640,
train/Scabies/frame5_563_jpg.rf.76b9352a8241e1573f7ef624281d2b52.jpg,Scabies,frame5_563_jpg.rf.76b9352a8241e1573f7ef624281d2b52.jpg,True,,,train,67,frame5,640,640,
train/Scabies/frame5_563_jpg.rf.5130a60a31794c75af72000c3fd2ef32.jpg,Scabies,frame5_563_jpg.rf.5130a60a31794c75af72000c3fd2ef32.jpg,True,,,train,67,frame5,640,640,
train/Scabies/Frame-5_jpeg_jpg.rf.e16fc5476214a7583017448b39bc092f.jpg,Scabies,Frame-5_jpeg_jpg.rf.e16fc5476214a7583017448b39bc092f.jpg,True,,,train,67,frame5,640,360,
train/Scabies/Frame-5_jpeg_jpg.rf.f89327bad5431f303ba7e0257f959d28.jpg,Scabies,Frame-5_jpeg_jpg.rf.f89327bad5431f303ba7e0257f959d28.jpg,False,duplicate,train/Scabies/Frame-5_jpeg_jpg.rf.e16fc5476214a7583017448b39bc092f.jpg,,-1,frame5,640,360,
train/Scabies/frame6_1_jpg.rf.2d4dfbebb7e7982bee2766cd1c849b27.jpg,Scabies,frame6_1_jpg.rf.2d4dfbebb7e7982bee2766cd1c849b27.jpg,True,,,train,64,frame6,640,640,
train/Scabies/frame6_91_jpg.rf.7bbc59ce8d32aae3bddff87ce35fedc0.jpg,Scabies,frame6_91_jpg.rf.7bbc59ce8d32aae3bddff87ce35fedc0.jpg,True,,,train,64,frame6,640,640,
train/Scabies/frame6_604_jpg.rf.c4880c2fd86bee925c5f92a7df4dc760.jpg,Scabies,frame6_604_jpg.rf.c4880c2fd86bee925c5f92a7df4dc760.jpg,True,,,train,64,frame6,640,640,
train/Scabies/frame6_711_jpg.rf.61c446debacac89acb319891131b390e.jpg,Scabies,frame6_711_jpg.rf.61c446debacac89acb319891131b390e.jpg,True,,,train,64,frame6,640,640,
train/Scabies/frame6_711_jpg.rf.782aaa0ec831d2bab37dc34b360b450a.jpg,Scabies,frame6_711_jpg.rf.782aaa0ec831d2bab37dc34b360b450a.jpg,False,duplicate,train/Scabies/frame6_711_jpg.rf.61c446debacac89acb319891131b390e.jpg,,-1,frame6,640,640,
train/Scabies/frame6_711_jpg.rf.c64ab9ca76ca0c1e9d41d0ed4bdc494c.jpg,Scabies,frame6_711_jpg.rf.c64ab9ca76ca0c1e9d41d0ed4bdc494c.jpg,True,,,train,64,frame6,640,640,
train/Scabies/frame6_711_jpg.rf.fbae5b9409a48cf2c64cae278c918209.jpg,Scabies,frame6_711_jpg.rf.fbae5b9409a48cf2c64cae278c918209.jpg,False,duplicate,train/Scabies/frame6_711_jpg.rf.c64ab9ca76ca0c1e9d41d0ed4bdc494c.jpg,,-1,frame6,640,640,
train/Scabies/frame6_762_jpg.rf.08d9e6198103dfa513ff09a41a5e6b98.jpg,Scabies,frame6_762_jpg.rf.08d9e6198103dfa513ff09a41a5e6b98.jpg,False,duplicate,train/Scabies/frame6_762_jpg.rf.fb1b7d4b11d088855ae54eba76b67487.jpg,,-1,frame6,640,640,
train/Scabies/frame6_762_jpg.rf.613a72fba39681b91e00eebac4db375f.jpg,Scabies,frame6_762_jpg.rf.613a72fba39681b91e00eebac4db375f.jpg,False,duplicate,test/Scabies/frame6_762_jpg.rf.8387685b1591ed78f613781dea8a82eb.jpg,,-1,frame6,640,640,
train/Scabies/frame6_762_jpg.rf.fb1b7d4b11d088855ae54eba76b67487.jpg,Scabies,frame6_762_jpg.rf.fb1b7d4b11d088855ae54eba76b67487.jpg,True,,,train,64,frame6,640,640,
train/Scabies/frame6_892_jpg.rf.f8da4c7e163499190beceef75c0eafa9.jpg,Scabies,frame6_892_jpg.rf.f8da4c7e163499190beceef75c0eafa9.jpg,False,duplicate,test/Scabies/frame6_892_jpg.rf.5371c16bf1bfe1505128a00d29ec91ff.jpg,,-1,frame6,640,640,
train/Scabies/frame6_908_jpg.rf.0cf71abdff6d5067275083c462160539.jpg,Scabies,frame6_908_jpg.rf.0cf71abdff6d5067275083c462160539.jpg,True,,,train,64,frame6,640,640,
train/Scabies/frame6_908_jpg.rf.b6d062d673634a1c14d7bd8f0bfb43ec.jpg,Scabies,frame6_908_jpg.rf.b6d062d673634a1c14d7bd8f0bfb43ec.jpg,False,duplicate,train/Scabies/frame6_908_jpg.rf.0cf71abdff6d5067275083c462160539.jpg,,-1,frame6,640,640,
train/Scabies/frame6_933_jpg.rf.c9bfcc844e2965338cf88e3dffec4eb5.jpg,Scabies,frame6_933_jpg.rf.c9bfcc844e2965338cf88e3dffec4eb5.jpg,True,,,train,64,frame6,640,640,
train/Scabies/frame7_1_jpg.rf.fd10914dbd640d2bbb7c0b2e6079773c.jpg,Scabies,frame7_1_jpg.rf.fd10914dbd640d2bbb7c0b2e6079773c.jpg,True,,,train,68,frame7,640,640,
train/Scabies/frame7_358_jpg.rf.8c99b6801f4773bbbfe86638f7b9c868.jpg,Scabies,frame7_358_jpg.rf.8c99b6801f4773bbbfe86638f7b9c868.jpg,False,duplicate,test/Scabies/frame7_358_jpg.rf.3d47e9e890cd57ed338bbe4dac170fe6.jpg,,-1,frame7,640,640,
train/Scabies/frame7_543_jpg.rf.2fb5326b7febfb88612326a29eaf09b4.jpg,Scabies,frame7_543_jpg.rf.2fb5326b7febfb88612326a29eaf09b4.jpg,True,,,train,68,frame7,640,640,
train/Scabies/Frame-7_jpeg_jpg.rf.9700798d68647b4dc60ddf2db34a3ae5.jpg,Scabies,Frame-7_jpeg_jpg.rf.9700798d68647b4dc60ddf2db34a3ae5.jpg,True,,,train,68,frame7,640,360,
train/Scabies/frame8_3_jpg.rf.4f194e97c5ea53fcab954e2a250affa7.jpg,Scabies,frame8_3_jpg.rf.4f194e97c5ea53fcab954e2a250affa7.jpg,True,,,train,69,frame8,640,640,
train/Scabies/frame8_3_jpg.rf.778dc5cbd4d29c6ce259a7fe5b8e8a7a.jpg,Scabies,frame8_3_jpg.rf.778dc5cbd4d29c6ce259a7fe5b8e8a7a.jpg,False,duplicate,train/Scabies/frame8_3_jpg.rf.4f194e97c5ea53fcab954e2a250affa7.jpg,,-1,frame8,640,640,
train/Scabies/frame8_27_jpg.rf.04828e027f851106b1cf69c01d151768.jpg,Scabies,frame8_27_jpg.rf.04828e027f851106b1cf69c01d151768.jpg,True,,,train,69,frame8,640,640,
train/Scabies/frame8_84_jpg.rf.879d13526b18b955dcce4404b3752278.jpg,Scabies,frame8_84_jpg.rf.879d13526b18b955dcce4404b3752278.jpg,True,,,train,69,frame8,640,640,
train/Scabies/frame8_84_jpg.rf.eb9028793ed0db0a36fd83cf56c31e96.jpg,Scabies,frame8_84_jpg.rf.eb9028793ed0db0a36fd83cf56c31e96.jpg,False,duplicate,train/Scabies/frame8_84_jpg.rf.879d13526b18b955dcce4404b3752278.jpg,,-1,frame8,640,640,
train/Scabies/frame8_129_jpg.rf.a3c4a1d28eab91ca7051c9e9c7e864ab.jpg,Scabies,frame8_129_jpg.rf.a3c4a1d28eab91ca7051c9e9c7e864ab.jpg,True,,,train,69,frame8,640,640,
train/Scabies/frame8_199_jpg.rf.d06452bde0fac091a995a3bbbf57a9da.jpg,Scabies,frame8_199_jpg.rf.d06452bde0fac091a995a3bbbf57a9da.jpg,True,,,train,69,frame8,640,640,
train/Scabies/frame8_598_jpg.rf.5b428476af04cd8161d4a03a87f17df9.jpg,Scabies,frame8_598_jpg.rf.5b428476af04cd8161d4a03a87f17df9.jpg,False,duplicate,valid/Scabies/frame8_598_jpg.rf.e300668d4dbd5f5d67ddd1b9fb76eb3c.jpg,,-1,frame8,640,640,
train/Scabies/Frame-8_jpeg_jpg.rf.0da4219e557411923f737a5d030f3d6b.jpg,Scabies,Frame-8_jpeg_jpg.rf.0da4219e557411923f737a5d030f3d6b.jpg,True,,,train,69,frame8,640,360,
train/Scabies/frame9_385_jpg.rf.28d7e97c7093544b1406681c5c956335.jpg,Scabies,frame9_385_jpg.rf.28d7e97c7093544b1406681c5c956335.jpg,True,,,train,210,frame9,640,640,
train/Scabies/frame9_385_jpg.rf.ff43f377b90a4f9c59742f3fa8d0e996.jpg,Scabies,frame9_385_jpg.rf.ff43f377b90a4f9c59742f3fa8d0e996.jpg,False,duplicate,train/Scabies/frame9_385_jpg.rf.28d7e97c7093544b1406681c5c956335.jpg,,-1,frame9,640,640,
train/Scabies/frame9_402_jpg.rf.c75b78a4667285be5a6e7e06c0b0f8d6.jpg,Scabies,frame9_402_jpg.rf.c75b78a4667285be5a6e7e06c0b0f8d6.jpg,False,duplicate,valid/Scabies/frame9_402_jpg.rf.87045b2ebb5290913bfdf28270e9d9bf.jpg,,-1,frame9,640,640,
train/Scabies/frame9_402_jpg.rf.ccfec9640a498e55563b64777effea7d.jpg,Scabies,frame9_402_jpg.rf.ccfec9640a498e55563b64777effea7d.jpg,True,,,train,210,frame9,640,640,
train/Scabies/frame9_417_jpg.rf.284cc59da0ca2675d450c6acc2dc98cf.jpg,Scabies,frame9_417_jpg.rf.284cc59da0ca2675d450c6acc2dc98cf.jpg,False,duplicate,train/Scabies/frame9_417_jpg.rf.9940bc5a11b492d5f4880dbb457c1e46.jpg,,-1,frame9,640,640,
train/Scabies/frame9_417_jpg.rf.9940bc5a11b492d5f4880dbb457c1e46.jpg,Scabies,frame9_417_jpg.rf.9940bc5a11b492d5f4880dbb457c1e46.jpg,True,,,train,210,frame9,640,640,
train/Scabies/frame9_452_jpg.rf.58fa522b9c072c19bed5ade430afff6a.jpg,Scabies,frame9_452_jpg.rf.58fa522b9c072c19bed5ade430afff6a.jpg,True,,,train,210,frame9,640,640,
train/Scabies/frame10_83_jpg.rf.d9218bfc66b0d1053a1e638f066254b3.jpg,Scabies,frame10_83_jpg.rf.d9218bfc66b0d1053a1e638f066254b3.jpg,True,,,train,65,frame10,640,640,
train/Scabies/frame10_100_jpg.rf.918b45f992ed9ad0d0e524c46f626649.jpg,Scabies,frame10_100_jpg.rf.918b45f992ed9ad0d0e524c46f626649.jpg,True,,,train,65,frame10,640,640,
train/Scabies/frame10_100_jpg.rf.9128d28c68b767c04e79d91ac0e36570.jpg,Scabies,frame10_100_jpg.rf.9128d28c68b767c04e79d91ac0e36570.jpg,True,,,train,65,frame10,640,640,
train/Scabies/frame10_107_jpg.rf.d71a8781155a8587d3e2fff44474be73.jpg,Scabies,frame10_107_jpg.rf.d71a8781155a8587d3e2fff44474be73.jpg,True,,,train,65,frame10,640,640,
train/Scabies/frame10_107_jpg.rf.de2e86e39a959bcbb4c7cce4764872e9.jpg,Scabies,frame10_107_jpg.rf.de2e86e39a959bcbb4c7cce4764872e9.jpg,False,duplicate,train/Scabies/frame10_107_jpg.rf.d71a8781155a8587d3e2fff44474be73.jpg,,-1,frame10,640,640,
train/Scabies/frame10_117_jpg.rf.f0db45b58008707069af8d4396958910.jpg,Scabies,frame10_117_jpg.rf.f0db45b58008707069af8d4396958910.jpg,True,,,train,65,frame10,640,640,
train/Scabies/frame10_163_jpg.rf.3e3a8dc1b37e4ee7c8cb19a0c0f1eb96.jpg,Scabies,frame10_163_jpg.rf.3e3a8dc1b37e4ee7c8cb19a0c0f1eb96.jpg,True,,,train,65,frame10,640,640,
train/Scabies/frame10_163_jpg.rf.cb3757c5ad0bba8188e9ce3655fcb38c.jpg,Scabies,frame10_163_jpg.rf.cb3757c5ad0bba8188e9ce3655fcb38c.jpg,False,duplicate,train/Scabies/frame10_163_jpg.rf.3e3a8dc1b37e4ee7c8cb19a0c0f1eb96.jpg,,-1,frame10,640,640,
train/Scabies/frame10_175_jpg.rf.d0edf22977ee703048df5332f0568afb.jpg,Scabies,frame10_175_jpg.rf.d0edf22977ee703048df5332f0568afb.jpg,True,,,train,65,frame10,640,640,
train/Scabies/frame10_287_jpg.rf.871c63ddc34e4b640d4c871c00e3734a.jpg,Scabies,frame10_287_jpg.rf.871c63ddc34e4b640d4c871c00e3734a.jpg,True,,,train,65,frame10,640,640,
train/Scabies/frame10_402_jpg.rf.447d13dec68574a418db8daa6c089321.jpg,Scabies,frame10_402_jpg.rf.447d13dec68574a418db8daa6c089321.jpg,True,,,train,65,frame10,640,640,
train/Scabies/frame10_559_jpg.rf.839f8eaf34a45b8c91187c8bb72b623b.jpg,Scabies,frame10_559_jpg.rf.839f8eaf34a45b8c91187c8bb72b623b.jpg,True,,,train,65,frame10,640,640,
train/Scabies/frame10_632_jpg.rf.3ea7494eec191d8d749747dc7b1ea1ec.jpg,Scabies,frame10_632_jpg.rf.3ea7494eec191d8d749747dc7b1ea1ec.jpg,True,,,train,65,frame10,640,640,
train/Scabies/frame10_837_jpg.rf.998277809f71f169f85187956c7da412.jpg,Scabies,frame10_837_jpg.rf.998277809f71f169f85187956c7da412.jpg,True,,,train,65,frame10,640,640,
train/Scabies/Frame-39_jpeg_jpg.rf.eb406932b5121914a72783d627c90b4d.jpg,Scabies,Frame-39_jpeg_jpg.rf.eb406932b5121914a72783d627c90b4d.jpg,True,,,train,700,frame39,640,352,
train/Scabies/Frame-45_jpeg_jpg.rf.9a78bc59cc894daefc07b30edd33d02f.jpg,Scabies,Frame-45_jpeg_jpg.rf.9a78bc59cc894daefc07b30edd33d02f.jpg,True,,,test,701,frame45,640,352,
train/Scabies/Ft_UeHtaUAAHB5h_jpg.rf.6f37d96f738f794a1c2972a6bcbbe4aa.jpg,Scabies,Ft_UeHtaUAAHB5h_jpg.rf.6f37d96f738f794a1c2972a6bcbbe4aa.jpg,True,,,test,702,,2048,1536,
train/Scabies/FuOeDD_aYAESg1Q_jpg.rf.5486deea7bf6cca38a69d04cdb0dc368.jpg,Scabies,FuOeDD_aYAESg1Q_jpg.rf.5486deea7bf6cca38a69d04cdb0dc368.jpg,False,duplicate,valid/Scabies/FuOeDD_aYAESg1Q_jpg.rf.68302b142c7605a8d639657bc6be586f.jpg,,-1,,2048,1536,
train/Scabies/IG1_1_jpg.rf.68688d69ac9ba2a81a0b3fc86b2618ba.jpg,Scabies,IG1_1_jpg.rf.68688d69ac9ba2a81a0b3fc86b2618ba.jpg,True,,,train,71,IG1,640,640,
train/Scabies/IG1_1_jpg.rf.ead5244d72ebdc0ad9dfd59431189396.jpg,Scabies,IG1_1_jpg.rf.ead5244d72ebdc0ad9dfd59431189396.jpg,True,,,train,71,IG1,640,640,
train/Scabies/IG1_299_jpg.rf.5ef313b8d812f422a84f3d5b28012fa8.jpg,Scabies,IG1_299_jpg.rf.5ef313b8d812f422a84f3d5b28012fa8.jpg,False,duplicate,train/Scabies/IG1_299_jpg.rf.762fb9aa828fc9b1faac65c283051efc.jpg,,-1,IG1,640,640,
train/Scabies/IG1_299_jpg.rf.44f7e10524d379363bc62f105cd958a7.jpg,Scabies,IG1_299_jpg.rf.44f7e10524d379363bc62f105cd958a7.jpg,False,duplicate,test/Scabies/IG1_299_jpg.rf.2432621b74a78b5dd4b7e5632ed08bce.jpg,,-1,IG1,640,640,
train/Scabies/IG1_299_jpg.rf.52fe214eb9e31c5cfe3e60c1626223c6.jpg,Scabies,IG1_299_jpg.rf.52fe214eb9e31c5cfe3e60c1626223c6.jpg,True,,,train,71,IG1,640,640,
train/Scabies/IG1_299_jpg.rf.762fb9aa828fc9b1faac65c283051efc.jpg,Scabies,IG1_299_jpg.rf.762fb9aa828fc9b1faac65c283051efc.jpg,True,,,train,71,IG1,640,640,
train/Scabies/IG1_447_jpg.rf.0d6c0eeb81c6e212c155ca2de6ec3f0f.jpg,Scabies,IG1_447_jpg.rf.0d6c0eeb81c6e212c155ca2de6ec3f0f.jpg,True,,,train,71,IG1,640,640,
train/Scabies/IG1_447_jpg.rf.3f06badeca5c0962b862d4359947cd65.jpg,Scabies,IG1_447_jpg.rf.3f06badeca5c0962b862d4359947cd65.jpg,True,,,train,71,IG1,640,640,
train/Scabies/IG1_447_jpg.rf.82d2429b1318351e5e908f7d13d16205.jpg,Scabies,IG1_447_jpg.rf.82d2429b1318351e5e908f7d13d16205.jpg,False,duplicate,train/Scabies/IG1_447_jpg.rf.0d6c0eeb81c6e212c155ca2de6ec3f0f.jpg,,-1,IG1,640,640,
train/Scabies/IG1_536_jpg.rf.641db28c80fec1badd6ee6d12b6008e6.jpg,Scabies,IG1_536_jpg.rf.641db28c80fec1badd6ee6d12b6008e6.jpg,True,,,train,71,IG1,640,640,
train/Scabies/IG2_454_jpg.rf.e15a39639ee8f6c4fcb31f25b2590c3d.jpg,Scabies,IG2_454_jpg.rf.e15a39639ee8f6c4fcb31f25b2590c3d.jpg,True,,,train,72,IG2,640,640,
train/Scabies/IG2_1047_jpg.rf.77bab837f1b7dd174e619b0a459e8d54.jpg,Scabies,IG2_1047_jpg.rf.77bab837f1b7dd174e619b0a459e8d54.jpg,False,duplicate,test/Scabies/IG2_1047_jpg.rf.36174a644d5413e75af9c8640204712a.jpg,,-1,IG2,640,640,
train/Scabies/IG2_1173_jpg.rf.fc665cce516adbbaa2a1f1bab01f9b85.jpg,Scabies,IG2_1173_jpg.rf.fc665cce516adbbaa2a1f1bab01f9b85.jpg,True,,,train,72,IG2,640,640,
train/Scabies/IG2_1678_jpg.rf.cc5e01ecab18ba1265643b7c56a36c46.jpg,Scabies,IG2_1678_jpg.rf.cc5e01ecab18ba1265643b7c56a36c46.jpg,True,,,train,72,IG2,640,640,
train/Scabies/IG3_1_jpg.rf.f2bfde9b1bf1a269e5d32a589c8e5465.jpg,Scabies,IG3_1_jpg.rf.f2bfde9b1bf1a269e5d32a589c8e5465.jpg,True,,,train,703,IG3,640,640,
train/Scabies/IG3_239_jpg.rf.69f79b95af468c3d074d6a42287c2a08.jpg,Scabies,IG3_239_jpg.rf.69f79b95af468c3d074d6a42287c2a08.jpg,True,,,train,703,IG3,640,640,
train/Scabies/IG4_133_jpg.rf.8bb0ba689156c509b432342f27c74cee.jpg,Scabies,IG4_133_jpg.rf.8bb0ba689156c509b432342f27c74cee.jpg,True,,,train,73,IG4,640,640,
train/Scabies/IG4_133_jpg.rf.31b226bc198294836ae2619a5cb21f09.jpg,Scabies,IG4_133_jpg.rf.31b226bc198294836ae2619a5cb21f09.jpg,False,duplicate,train/Scabies/IG4_133_jpg.rf.8bb0ba689156c509b432342f27c74cee.jpg,,-1,IG4,640,640,
train/Scabies/IG4_180_jpg.rf.f0f60469606918a044fbda2eb4887021.jpg,Scabies,IG4_180_jpg.rf.f0f60469606918a044fbda2eb4887021.jpg,False,duplicate,test/Scabies/IG4_180_jpg.rf.632bf35302e31cfb2c6a3d7c3225d379.jpg,,-1,IG4,640,640,
train/Scabies/IG4_292_jpg.rf.f774d3ce79f3d13cab0f37c404a1d1ef.jpg,Scabies,IG4_292_jpg.rf.f774d3ce79f3d13cab0f37c404a1d1ef.jpg,True,,,train,73,IG4,640,640,
train/Scabies/IG7_295_jpg.rf.13659112737063161916c0d466b3c2b6.jpg,Scabies,IG7_295_jpg.rf.13659112737063161916c0d466b3c2b6.jpg,True,,,train,215,IG7,640,640,
train/Scabies/IG7_295_jpg.rf.a2aba02dc24a2fee6357caa417049381.jpg,Scabies,IG7_295_jpg.rf.a2aba02dc24a2fee6357caa417049381.jpg,False,duplicate,train/Scabies/IG7_295_jpg.rf.13659112737063161916c0d466b3c2b6.jpg,,-1,IG7,640,640,
train/Scabies/IG9_189_jpg.rf.fc66a9a9c139b138e6dbd9a1ee057298.jpg,Scabies,IG9_189_jpg.rf.fc66a9a9c139b138e6dbd9a1ee057298.jpg,True,,,train,704,IG9,640,640,
train/Scabies/IG9_189_jpg.rf.fcbdfe16df4606efd5d22cb9394a4884.jpg,Scabies,IG9_189_jpg.rf.fcbdfe16df4606efd5d22cb9394a4884.jpg,False,duplicate,train/Scabies/IG9_189_jpg.rf.fc66a9a9c139b138e6dbd9a1ee057298.jpg,,-1,IG9,640,640,
train/Scabies/IG9_277_jpg.rf.cc8baf233f47032b6d293ea711d805cd.jpg,Scabies,IG9_277_jpg.rf.cc8baf233f47032b6d293ea711d805cd.jpg,True,,,train,704,IG9,640,640,
train/Scabies/IG11_173_jpg.rf.5c3d6d4d3411049bc35da685e736cac5.jpg,Scabies,IG11_173_jpg.rf.5c3d6d4d3411049bc35da685e736cac5.jpg,True,,,train,214,IG11,640,640,
train/Scabies/IG11_173_jpg.rf.8026c8551a5896ee77b60456ceb24bdd.jpg,Scabies,IG11_173_jpg.rf.8026c8551a5896ee77b60456ceb24bdd.jpg,False,duplicate,train/Scabies/IG11_173_jpg.rf.5c3d6d4d3411049bc35da685e736cac5.jpg,,-1,IG11,640,640,
train/Scabies/IG11_173_jpg.rf.793651a69cbe0e41994baab9d83c24b1.jpg,Scabies,IG11_173_jpg.rf.793651a69cbe0e41994baab9d83c24b1.jpg,True,,,train,214,IG11,640,640,
train/Scabies/IG11_173_jpg.rf.9898139161d208121539462746ad60bb.jpg,Scabies,IG11_173_jpg.rf.9898139161d208121539462746ad60bb.jpg,True,,,train,214,IG11,640,640,
train/Scabies/image_scabies5_png_jpg.rf.5ded793973cbce0f22e5cc24a94b114b.jpg,Scabies,image_scabies5_png_jpg.rf.5ded793973cbce0f22e5cc24a94b114b.jpg,True,,,test,705,,499,409,
train/Scabies/image_scabies7_png_jpg.rf.71b7b432d80bf5ea98bcc71548a9e86c.jpg,Scabies,image_scabies7_png_jpg.rf.71b7b432d80bf5ea98bcc71548a9e86c.jpg,True,,,val,706,,687,439,
train/Scabies/image_scabies8_png_jpg.rf.dd79a20f5c0ce3669fc2342e311e6e8c.jpg,Scabies,image_scabies8_png_jpg.rf.dd79a20f5c0ce3669fc2342e311e6e8c.jpg,False,duplicate,test/Scabies/image_scabies8_png_jpg.rf.700902df088de688acda812e6a7675a1.jpg,,-1,,596,449,
train/Scabies/image_scabies9_png_jpg.rf.ce5d7cbc4d3f890c2a4df75c1addf882.jpg,Scabies,image_scabies9_png_jpg.rf.ce5d7cbc4d3f890c2a4df75c1addf882.jpg,True,,,test,707,,749,420,
train/Scabies/image_scabies9_png_jpg.rf.d4947674e0b9a487e0e51deb3d64a0da.jpg,Scabies,image_scabies9_png_jpg.rf.d4947674e0b9a487e0e51deb3d64a0da.jpg,False,duplicate,train/Scabies/image_scabies9_png_jpg.rf.ce5d7cbc4d3f890c2a4df75c1addf882.jpg,,-1,,749,420,
train/Scabies/image_scabies11_png_jpg.rf.22e08d39b2ef02aa41d779b35963477b.jpg,Scabies,image_scabies11_png_jpg.rf.22e08d39b2ef02aa41d779b35963477b.jpg,True,,,val,708,,820,410,
train/Scabies/image3_png_jpg.rf.5dadb30ff130ff61ac92f3075c34e900.jpg,Scabies,image3_png_jpg.rf.5dadb30ff130ff61ac92f3075c34e900.jpg,False,duplicate,valid/Scabies/image3_png_jpg.rf.5c83ecca04c734e679d31d12f7f9de80.jpg,,-1,,591,444,
train/Scabies/image13_png_jpg.rf.f7e9247373e1efcd24f672a474f3a69d.jpg,Scabies,image13_png_jpg.rf.f7e9247373e1efcd24f672a474f3a69d.jpg,True,,,train,709,,455,366,
train/Scabies/image14_png_jpg.rf.5c2f203fbd388f8eaf215d05865c6c3f.jpg,Scabies,image14_png_jpg.rf.5c2f203fbd388f8eaf215d05865c6c3f.jpg,True,,,val,710,,565,408,
train/Scabies/image14_png_jpg.rf.9cd40726047a0f509f0579337b4680fd.jpg,Scabies,image14_png_jpg.rf.9cd40726047a0f509f0579337b4680fd.jpg,False,duplicate,train/Scabies/image14_png_jpg.rf.5c2f203fbd388f8eaf215d05865c6c3f.jpg,,-1,,565,408,
train/Scabies/image18_png_jpg.rf.944fdc72ab8d0968e21e302c7bba66c7.jpg,Scabies,image18_png_jpg.rf.944fdc72ab8d0968e21e302c7bba66c7.jpg,True,,,train,711,,765,391,
train/Scabies/image23_png_jpg.rf.48b9811c31f12c1c9d2466e56e670a13.jpg,Scabies,image23_png_jpg.rf.48b9811c31f12c1c9d2466e56e670a13.jpg,True,,,val,712,,543,411,
train/Scabies/image23_png_jpg.rf.d6c7d3a6d39bf4d793fc3fadb3ce33fb.jpg,Scabies,image23_png_jpg.rf.d6c7d3a6d39bf4d793fc3fadb3ce33fb.jpg,False,duplicate,train/Scabies/image23_png_jpg.rf.48b9811c31f12c1c9d2466e56e670a13.jpg,,-1,,543,411,
train/Scabies/images_jpeg_jpg.rf.13e5ebe32529c3716afee5e1517122e4.jpg,Scabies,images_jpeg_jpg.rf.13e5ebe32529c3716afee5e1517122e4.jpg,True,,,val,713,,263,192,
train/Scabies/images-2-_jpeg_jpg.rf.299de60c078ee7bb37a62eec16a790a2.jpg,Scabies,images-2-_jpeg_jpg.rf.299de60c078ee7bb37a62eec16a790a2.jpg,False,duplicate,valid/Scabies/images-2-_jpeg_jpg.rf.aeb470f833de9cb25884db26232a48a9.jpg,,-1,,299,168,
train/Scabies/images-3-_jpeg_jpg.rf.2f03014623b1d67f5ba629171212a059.jpg,Scabies,images-3-_jpeg_jpg.rf.2f03014623b1d67f5ba629171212a059.jpg,True,,,train,714,,276,183,
train/Scabies/images-4-_jpeg_jpg.rf.596a3220163bc7db4d729a436ed1fb94.jpg,Scabies,images-4-_jpeg_jpg.rf.596a3220163bc7db4d729a436ed1fb94.jpg,True,,,val,715,,248,203,
train/Scabies/images-4-_jpeg_jpg.rf.e91884e3a6fc275eeb8ee3fef5750dd5.jpg,Scabies,images-4-_jpeg_jpg.rf.e91884e3a6fc275eeb8ee3fef5750dd5.jpg,False,duplicate,train/Scabies/images-4-_jpeg_jpg.rf.596a3220163bc7db4d729a436ed1fb94.jpg,,-1,,248,203,
train/Scabies/images-5-_jpeg_jpg.rf.11f1e6f3f2df5f0df2135b9d8831470e.jpg,Scabies,images-5-_jpeg_jpg.rf.11f1e6f3f2df5f0df2135b9d8831470e.jpg,True,,,test,716,,283,178,
train/Scabies/images-5-_jpeg_jpg.rf.39b2b55374d17e689f923bb3d270a6b0.jpg,Scabies,images-5-_jpeg_jpg.rf.39b2b55374d17e689f923bb3d270a6b0.jpg,False,duplicate,train/Scabies/images-5-_jpeg_jpg.rf.11f1e6f3f2df5f0df2135b9d8831470e.jpg,,-1,,283,178,
train/Scabies/images-7-_jpeg_jpg.rf.f8b9c45dba4c3f15ae332ed8bb72d008.jpg,Scabies,images-7-_jpeg_jpg.rf.f8b9c45dba4c3f15ae332ed8bb72d008.jpg,True,,,train,717,,187,269,
train/Scabies/images-8-_jpeg_jpg.rf.26f3c155c2f92334abc5b69a8f4d55d8.jpg,Scabies,images-8-_jpeg_jpg.rf.26f3c155c2f92334abc5b69a8f4d55d8.jpg,True,,,train,718,,259,194,
train/Scabies/images-8-_jpeg_jpg.rf.35f052e7fc3d51441d0782f43db952e2.jpg,Scabies,images-8-_jpeg_jpg.rf.35f052e7fc3d51441d0782f43db952e2.jpg,False,duplicate,train/Scabies/images-8-_jpeg_jpg.rf.26f3c155c2f92334abc5b69a8f4d55d8.jpg,,-1,,259,194,
train/Scabies/Screenshot-2024-11-16-180317_png.rf.9f6bddc0a6b90eaf1f0ea95d12421ae2.jpg,Scabies,Screenshot-2024-11-16-180317_png.rf.9f6bddc0a6b90eaf1f0ea95d12421ae2.jpg,True,,,val,719,,357,337,
train/Scabies/Screenshot-2024-11-16-180423_png.rf.11d0461778174f2db9eb68fdb400b39e.jpg,Scabies,Screenshot-2024-11-16-180423_png.rf.11d0461778174f2db9eb68fdb400b39e.jpg,True,,,test,720,,240,311,
train/Scabies/Screenshot-2024-11-16-180521_png.rf.3716d637c92d28c6443f94adc61f0d91.jpg,Scabies,Screenshot-2024-11-16-180521_png.rf.3716d637c92d28c6443f94adc61f0d91.jpg,True,,,train,721,,262,220,
train/Scabies/Screenshot-2024-11-16-180549_png.rf.f73407f00bf4f36181ca9075ba56d089.jpg,Scabies,Screenshot-2024-11-16-180549_png.rf.f73407f00bf4f36181ca9075ba56d089.jpg,True,,,train,722,,316,397,
train/Scabies/Screenshot-2024-11-16-180654_png.rf.726c8284b81d2932694bce0306d24070.jpg,Scabies,Screenshot-2024-11-16-180654_png.rf.726c8284b81d2932694bce0306d24070.jpg,True,,,test,723,,272,260,
train/Scabies/Screenshot-2024-11-16-180736_png.rf.dd78a6c76b9b4baab3c70b430ea96255.jpg,Scabies,Screenshot-2024-11-16-180736_png.rf.dd78a6c76b9b4baab3c70b430ea96255.jpg,True,,,test,724,,273,342,
train/Scabies/Screenshot-2024-11-16-180915_png.rf.8dee1866201776295793e542e2045877.jpg,Scabies,Screenshot-2024-11-16-180915_png.rf.8dee1866201776295793e542e2045877.jpg,True,,,test,725,,277,308,
train/Scabies/Screenshot-2024-11-16-181312_png.rf.3abcae17007c81615b4688d12ab425df.jpg,Scabies,Screenshot-2024-11-16-181312_png.rf.3abcae17007c81615b4688d12ab425df.jpg,True,,,val,726,,276,353,
train/Scabies/Screenshot-2024-11-16-181330_png.rf.5e7312203f234bf14d96732fae5d7ca7.jpg,Scabies,Screenshot-2024-11-16-181330_png.rf.5e7312203f234bf14d96732fae5d7ca7.jpg,True,,,val,727,,303,248,
train/Scabies/Screenshot-2024-11-16-181452_png.rf.57e98c8cc7e0591e86ca4d7e57ff9e08.jpg,Scabies,Screenshot-2024-11-16-181452_png.rf.57e98c8cc7e0591e86ca4d7e57ff9e08.jpg,True,,,test,728,,291,481,
train/Scabies/Screenshot-2024-11-16-181635_png.rf.0859d7ce02b715d99d984ab910aea356.jpg,Scabies,Screenshot-2024-11-16-181635_png.rf.0859d7ce02b715d99d984ab910aea356.jpg,True,,,train,729,,247,175,
train/Scabies/Screenshot-2024-11-16-182640_png.rf.8c002a7f219d57ca0aba600b3d89c7bc.jpg,Scabies,Screenshot-2024-11-16-182640_png.rf.8c002a7f219d57ca0aba600b3d89c7bc.jpg,True,,,test,730,,301,252,
train/Scabies/Screenshot-2024-11-16-182750_png.rf.907d45feacc6d48bd5e82d634c9b4423.jpg,Scabies,Screenshot-2024-11-16-182750_png.rf.907d45feacc6d48bd5e82d634c9b4423.jpg,True,,,val,731,,307,186,
train/Scabies/Screenshot-2024-11-16-184335_png.rf.f963b10a4975edae2dc7e3fb541885f7.jpg,Scabies,Screenshot-2024-11-16-184335_png.rf.f963b10a4975edae2dc7e3fb541885f7.jpg,True,,,test,732,,283,170,
train/Scabies/Screenshot-2024-11-16-185049_png.rf.083b903ae6db6bd3fc88bcdacd763db0.jpg,Scabies,Screenshot-2024-11-16-185049_png.rf.083b903ae6db6bd3fc88bcdacd763db0.jpg,True,,,val,733,,318,237,
